group,benchmark,profile,params,method,ns_per_op,ns_error,ns_ci_low,ns_ci_high,bytes_per_op,bytes_error,bytes_ci_low,bytes_ci_high,forks,iterations,source
historical,avro2s.wire.benchmarks.ComparisonBenchmark.avro2sRead,ints-small,"{""profile"": ""ints-small""}",avro2sRead,11400.534369049261,126.21497642201304,11274.319392627247,11526.749345471275,33160.15676073428,0.0020037524189196257,33160.154756981865,33160.158764486696,2,5,/private/tmp/avro2s-speed-255_nufn/work/docs/benchmarks/comparison-2026-09-17/comparison-Comparison.json
historical,avro2s.wire.benchmarks.ComparisonBenchmark.avro2sWrite,ints-small,"{""profile"": ""ints-small""}",avro2sWrite,14292.397084042164,212.32452312583433,14080.07256091633,14504.721607168,32968.19679452755,0.004326527788747917,32968.19246799976,32968.20112105533,2,5,/private/tmp/avro2s-speed-255_nufn/work/docs/benchmarks/comparison-2026-09-17/comparison-Comparison.json
historical,avro2s.wire.benchmarks.ComparisonBenchmark.javaCustomRead,ints-small,"{""profile"": ""ints-small""}",javaCustomRead,14457.063557988047,384.2198290642027,14072.843728923845,14841.28338705225,4368.1985208304595,0.006599718202934346,4368.191921112257,4368.205120548662,2,5,/private/tmp/avro2s-speed-255_nufn/work/docs/benchmarks/comparison-2026-09-17/comparison-Comparison.json
historical,avro2s.wire.benchmarks.ComparisonBenchmark.javaCustomWrite,ints-small,"{""profile"": ""ints-small""}",javaCustomWrite,1820.5358964566713,18.089623521424983,1802.4462729352463,1838.6255199780962,0.024825183313457316,0.00022159409401612348,0.024603589219441193,0.02504677740747344,2,5,/private/tmp/avro2s-speed-255_nufn/work/docs/benchmarks/comparison-2026-09-17/comparison-Comparison.json
historical,avro2s.wire.benchmarks.ComparisonBenchmark.javaGenericRead,ints-small,"{""profile"": ""ints-small""}",javaGenericRead,3911.372575094744,42.09481445372311,3869.277760641021,3953.4673895484675,4376.053774642605,0.0006279303862617571,4376.053146712219,4376.054402572991,2,5,/private/tmp/avro2s-speed-255_nufn/work/docs/benchmarks/comparison-2026-09-17/comparison-Comparison.json
historical,avro2s.wire.benchmarks.ComparisonBenchmark.javaGenericWrite,ints-small,"{""profile"": ""ints-small""}",javaGenericWrite,4548.514692548508,77.44140564068383,4471.073286907824,4625.956098189192,0.06199664517087283,0.0011229375046104661,0.060873707666262364,0.0631195826754833,2,5,/private/tmp/avro2s-speed-255_nufn/work/docs/benchmarks/comparison-2026-09-17/comparison-Comparison.json
historical,avro2s.wire.benchmarks.ComparisonBenchmark.javaPrimitivesRead,ints-small,"{""profile"": ""ints-small""}",javaPrimitivesRead,3610.6885142288434,14.68324809608051,3596.0052661327627,3625.371762324924,5176.049693921441,0.0004159899616285825,5176.049277931479,5176.050109911403,2,5,/private/tmp/avro2s-speed-255_nufn/work/docs/benchmarks/comparison-2026-09-17/comparison-Comparison.json
historical,avro2s.wire.benchmarks.ComparisonBenchmark.javaPrimitivesWrite,ints-small,"{""profile"": ""ints-small""}",javaPrimitivesWrite,2627.436821534383,32.31728559946865,2595.1195359349144,2659.7541071338514,80.03587644083548,0.0005264248164655617,80.03535001601901,80.03640286565195,2,5,/private/tmp/avro2s-speed-255_nufn/work/docs/benchmarks/comparison-2026-09-17/comparison-Comparison.json
historical,avro2s.wire.benchmarks.ComparisonBenchmark.javaSpecificRead,ints-small,"{""profile"": ""ints-small""}",javaSpecificRead,3926.7494857567035,46.97687893457032,3879.772606822133,3973.726364691274,4344.053904117798,0.000624499402426432,4344.053279618395,4344.054528617201,2,5,/private/tmp/avro2s-speed-255_nufn/work/docs/benchmarks/comparison-2026-09-17/comparison-Comparison.json
historical,avro2s.wire.benchmarks.ComparisonBenchmark.javaSpecificWrite,ints-small,"{""profile"": ""ints-small""}",javaSpecificWrite,4562.914000199097,98.36852563271133,4464.545474566386,4661.282525831809,16.061995512597644,25.49911935852793,-9.437123845930287,41.561114871125575,2,5,/private/tmp/avro2s-speed-255_nufn/work/docs/benchmarks/comparison-2026-09-17/comparison-Comparison.json
historical,avro2s.wire.benchmarks.ComparisonBenchmark.nativeRead,ints-small,"{""profile"": ""ints-small""}",nativeRead,3613.863881696286,11.246583059754345,3602.617298636532,3625.1104647560405,5072.049158081161,0.0005050036790581888,5072.048653077482,5072.04966308484,2,5,/private/tmp/avro2s-speed-255_nufn/work/docs/benchmarks/comparison-2026-09-17/comparison-Comparison.json
historical,avro2s.wire.benchmarks.ComparisonBenchmark.nativeWrite,ints-small,"{""profile"": ""ints-small""}",nativeWrite,2340.133681251341,15.455901530308607,2324.6777797210325,2355.5895827816494,80.03184426883338,0.00034950313357003484,80.03149476569982,80.03219377196694,2,5,/private/tmp/avro2s-speed-255_nufn/work/docs/benchmarks/comparison-2026-09-17/comparison-Comparison.json
historical,avro2s.wire.benchmarks.ComparisonBenchmark.avro2sRead,ints-wide,"{""profile"": ""ints-wide""}",avro2sRead,12848.767527047725,113.22298824488647,12735.544538802838,12961.990515292611,65928.17667459362,0.0018838491554650134,65928.17479074447,65928.17855844277,2,5,/private/tmp/avro2s-speed-255_nufn/work/docs/benchmarks/comparison-2026-09-17/comparison-Comparison.json
historical,avro2s.wire.benchmarks.ComparisonBenchmark.avro2sWrite,ints-wide,"{""profile"": ""ints-wide""}",avro2sWrite,15541.437411720375,148.54330008091554,15392.89411163946,15689.98071180129,49352.2138130606,0.002636502072221849,49352.21117655853,49352.21644956268,2,5,/private/tmp/avro2s-speed-255_nufn/work/docs/benchmarks/comparison-2026-09-17/comparison-Comparison.json
historical,avro2s.wire.benchmarks.ComparisonBenchmark.javaCustomRead,ints-wide,"{""profile"": ""ints-wide""}",javaCustomRead,16068.760488642718,431.32348465776937,15637.43700398495,16500.083973300487,20752.22187857377,0.006075633137889736,20752.215802940635,20752.227954206908,2,5,/private/tmp/avro2s-speed-255_nufn/work/docs/benchmarks/comparison-2026-09-17/comparison-Comparison.json
historical,avro2s.wire.benchmarks.ComparisonBenchmark.javaCustomWrite,ints-wide,"{""profile"": ""ints-wide""}",javaCustomWrite,3316.941089192422,14.573794458330525,3302.3672947340915,3331.514883650753,0.045240690461319163,0.00021390010016803158,0.045026790361151134,0.04545459056148719,2,5,/private/tmp/avro2s-speed-255_nufn/work/docs/benchmarks/comparison-2026-09-17/comparison-Comparison.json
historical,avro2s.wire.benchmarks.ComparisonBenchmark.javaGenericRead,ints-wide,"{""profile"": ""ints-wide""}",javaGenericRead,5120.687841209046,44.58872652949973,5076.099114679547,5165.276567738546,20760.07041118646,0.0006239897525845233,20760.06978719671,20760.071035176214,2,5,/private/tmp/avro2s-speed-255_nufn/work/docs/benchmarks/comparison-2026-09-17/comparison-Comparison.json
historical,avro2s.wire.benchmarks.ComparisonBenchmark.javaGenericWrite,ints-wide,"{""profile"": ""ints-wide""}",javaGenericWrite,6046.855154617447,424.743964824363,5622.111189793084,6471.599119441809,0.08221799602471747,0.005767405125009419,0.07645059089970804,0.08798540114972689,2,5,/private/tmp/avro2s-speed-255_nufn/work/docs/benchmarks/comparison-2026-09-17/comparison-Comparison.json
historical,avro2s.wire.benchmarks.ComparisonBenchmark.javaPrimitivesRead,ints-wide,"{""profile"": ""ints-wide""}",javaPrimitivesRead,4810.63927229342,170.9472977656933,4639.691974527726,4981.586570059113,21560.066150076527,0.002434749650348857,21560.063715326876,21560.06858482618,2,5,/private/tmp/avro2s-speed-255_nufn/work/docs/benchmarks/comparison-2026-09-17/comparison-Comparison.json
historical,avro2s.wire.benchmarks.ComparisonBenchmark.javaPrimitivesWrite,ints-wide,"{""profile"": ""ints-wide""}",javaPrimitivesWrite,4183.864853236192,36.25920021206134,4147.605653024131,4220.124053448253,80.05709872970024,0.0005165417063070451,80.05658218799394,80.05761527140655,2,5,/private/tmp/avro2s-speed-255_nufn/work/docs/benchmarks/comparison-2026-09-17/comparison-Comparison.json
historical,avro2s.wire.benchmarks.ComparisonBenchmark.javaSpecificRead,ints-wide,"{""profile"": ""ints-wide""}",javaSpecificRead,5145.505186798537,41.843270650136716,5103.6619161483995,5187.348457448674,20728.070648946195,0.0005183748293823983,20728.070130571366,20728.071167321024,2,5,/private/tmp/avro2s-speed-255_nufn/work/docs/benchmarks/comparison-2026-09-17/comparison-Comparison.json
historical,avro2s.wire.benchmarks.ComparisonBenchmark.javaSpecificWrite,ints-wide,"{""profile"": ""ints-wide""}",javaSpecificWrite,5911.220265656228,75.9571958475421,5835.263069808686,5987.177461503769,0.07993683830860812,0.0012137210846135398,0.07872311722399458,0.08115055939322166,2,5,/private/tmp/avro2s-speed-255_nufn/work/docs/benchmarks/comparison-2026-09-17/comparison-Comparison.json
historical,avro2s.wire.benchmarks.ComparisonBenchmark.nativeRead,ints-wide,"{""profile"": ""ints-wide""}",nativeRead,7798.333824846786,346.4594196492884,7451.874405197498,8144.793244496074,21456.106549785647,0.005223658518923497,21456.10132612713,21456.111773444165,2,5,/private/tmp/avro2s-speed-255_nufn/work/docs/benchmarks/comparison-2026-09-17/comparison-Comparison.json
historical,avro2s.wire.benchmarks.ComparisonBenchmark.nativeWrite,ints-wide,"{""profile"": ""ints-wide""}",nativeWrite,4498.621667167363,17.067131392588426,4481.554535774774,4515.6887985599515,80.06080121461531,0.0006177056617004513,80.06018350895361,80.061418920277,2,5,/private/tmp/avro2s-speed-255_nufn/work/docs/benchmarks/comparison-2026-09-17/comparison-Comparison.json
historical,avro2s.wire.benchmarks.ComparisonBenchmark.avro2sRead,longs-mixed,"{""profile"": ""longs-mixed""}",avro2sRead,14089.87506221401,165.45631744538684,13924.418744768624,14255.331379659397,77992.19370147369,0.003275447051185989,77992.19042602665,77992.19697692074,2,5,/private/tmp/avro2s-speed-255_nufn/work/docs/benchmarks/comparison-2026-09-17/comparison-Comparison.json
historical,avro2s.wire.benchmarks.ComparisonBenchmark.avro2sWrite,longs-mixed,"{""profile"": ""longs-mixed""}",avro2sWrite,17268.14344198281,1026.9282136739519,16241.21522830886,18295.071655656764,55384.23772020688,0.014038975954113426,55384.22368123093,55384.25175918284,2,5,/private/tmp/avro2s-speed-255_nufn/work/docs/benchmarks/comparison-2026-09-17/comparison-Comparison.json
historical,avro2s.wire.benchmarks.ComparisonBenchmark.javaCustomRead,longs-mixed,"{""profile"": ""longs-mixed""}",javaCustomRead,20340.9376863787,3928.3328098558245,16412.604876522877,24269.270496234523,26784.280811637967,0.05246578582482894,26784.22834585214,26784.333277423793,2,5,/private/tmp/avro2s-speed-255_nufn/work/docs/benchmarks/comparison-2026-09-17/comparison-Comparison.json
historical,avro2s.wire.benchmarks.ComparisonBenchmark.javaCustomWrite,longs-mixed,"{""profile"": ""longs-mixed""}",javaCustomWrite,3890.9856226235474,16.87200800658836,3874.1136146169592,3907.8576306301356,0.05317133271933733,0.0003951949839759345,0.05277613773536139,0.053566527703313264,2,5,/private/tmp/avro2s-speed-255_nufn/work/docs/benchmarks/comparison-2026-09-17/comparison-Comparison.json
historical,avro2s.wire.benchmarks.ComparisonBenchmark.javaGenericRead,longs-mixed,"{""profile"": ""longs-mixed""}",javaGenericRead,6167.1232982466645,45.53468625169707,6121.588611994967,6212.657984498362,26792.0848778114,0.0010429223076953414,26792.083834889094,26792.08592073371,2,5,/private/tmp/avro2s-speed-255_nufn/work/docs/benchmarks/comparison-2026-09-17/comparison-Comparison.json
historical,avro2s.wire.benchmarks.ComparisonBenchmark.javaGenericWrite,longs-mixed,"{""profile"": ""longs-mixed""}",javaGenericWrite,6685.409205804358,203.36229334866005,6482.046912455698,6888.771499153018,32.09139429732372,0.0029413372678087223,32.08845296005591,32.09433563459152,2,5,/private/tmp/avro2s-speed-255_nufn/work/docs/benchmarks/comparison-2026-09-17/comparison-Comparison.json
historical,avro2s.wire.benchmarks.ComparisonBenchmark.javaPrimitivesRead,longs-mixed,"{""profile"": ""longs-mixed""}",javaPrimitivesRead,5425.671150987071,280.4352979354437,5145.235853051628,5706.106448922515,27592.07453276501,0.00368113868796434,27592.070851626322,27592.0782139037,2,5,/private/tmp/avro2s-speed-255_nufn/work/docs/benchmarks/comparison-2026-09-17/comparison-Comparison.json
historical,avro2s.wire.benchmarks.ComparisonBenchmark.javaPrimitivesWrite,longs-mixed,"{""profile"": ""longs-mixed""}",javaPrimitivesWrite,4853.186317263992,75.86028193078893,4777.326035333203,4929.046599194781,80.06622815366578,0.0009905821680428284,80.06523757149773,80.06721873583382,2,5,/private/tmp/avro2s-speed-255_nufn/work/docs/benchmarks/comparison-2026-09-17/comparison-Comparison.json
historical,avro2s.wire.benchmarks.ComparisonBenchmark.javaSpecificRead,longs-mixed,"{""profile"": ""longs-mixed""}",javaSpecificRead,6184.928973439293,46.76244244926194,6138.166530990031,6231.691415888556,26760.085047845652,0.0006959713862869012,26760.084351874266,26760.08574381704,2,5,/private/tmp/avro2s-speed-255_nufn/work/docs/benchmarks/comparison-2026-09-17/comparison-Comparison.json
historical,avro2s.wire.benchmarks.ComparisonBenchmark.javaSpecificWrite,longs-mixed,"{""profile"": ""longs-mixed""}",javaSpecificWrite,6755.509942724461,157.6772303757345,6597.832712348727,6913.187173100196,32.091989875704,0.002543587397213796,32.08944628830679,32.094533463101214,2,5,/private/tmp/avro2s-speed-255_nufn/work/docs/benchmarks/comparison-2026-09-17/comparison-Comparison.json
historical,avro2s.wire.benchmarks.ComparisonBenchmark.nativeRead,longs-mixed,"{""profile"": ""longs-mixed""}",nativeRead,7949.783959956342,68.2529254275532,7881.531034528789,8018.036885383895,27488.10873145252,0.0012704851606406566,27488.10746096736,27488.110001937683,2,5,/private/tmp/avro2s-speed-255_nufn/work/docs/benchmarks/comparison-2026-09-17/comparison-Comparison.json
historical,avro2s.wire.benchmarks.ComparisonBenchmark.nativeWrite,longs-mixed,"{""profile"": ""longs-mixed""}",nativeWrite,5271.908820041171,10.163092247496357,5261.745727793675,5282.071912288667,80.07138478721991,0.0005537454335855144,80.07083104178632,80.0719385326535,2,5,/private/tmp/avro2s-speed-255_nufn/work/docs/benchmarks/comparison-2026-09-17/comparison-Comparison.json
historical,avro2s.wire.benchmarks.ComparisonBenchmark.avro2sRead,string-ascii,"{""profile"": ""string-ascii""}",avro2sRead,117.80205542845131,5.159336849699211,112.6427185787521,122.96139227815053,2264.001616034821,6.955178255267933e-05,2264.0015464830385,2264.0016855866033,2,5,/private/tmp/avro2s-speed-255_nufn/work/docs/benchmarks/comparison-2026-09-17/comparison-Comparison.json
historical,avro2s.wire.benchmarks.ComparisonBenchmark.avro2sWrite,string-ascii,"{""profile"": ""string-ascii""}",avro2sWrite,100.02430489864788,1.497139856507244,98.52716504214064,101.52144475515513,1040.0013729678747,2.161767515433717e-05,1040.0013513501995,1040.0013945855499,2,5,/private/tmp/avro2s-speed-255_nufn/work/docs/benchmarks/comparison-2026-09-17/comparison-Comparison.json
historical,avro2s.wire.benchmarks.ComparisonBenchmark.javaCustomRead,string-ascii,"{""profile"": ""string-ascii""}",javaCustomRead,95.38226493650824,4.64200788073776,90.74025705577047,100.024272817246,1256.0013123189824,6.98315924751446e-05,1256.0012424873898,1256.001382150575,2,5,/private/tmp/avro2s-speed-255_nufn/work/docs/benchmarks/comparison-2026-09-17/comparison-Comparison.json
historical,avro2s.wire.benchmarks.ComparisonBenchmark.javaCustomWrite,string-ascii,"{""profile"": ""string-ascii""}",javaCustomWrite,95.4664295023126,0.25493174360116316,95.21149775871143,95.72136124591376,1040.0013103910846,7.226578333370958e-06,1040.0013031645062,1040.001317617663,2,5,/private/tmp/avro2s-speed-255_nufn/work/docs/benchmarks/comparison-2026-09-17/comparison-Comparison.json
historical,avro2s.wire.benchmarks.ComparisonBenchmark.javaGenericRead,string-ascii,"{""profile"": ""string-ascii""}",javaGenericRead,67.61001715015087,0.556303537280641,67.05371361287023,68.16632068743151,1264.0009283316886,8.415006627840844e-06,1264.0009199166818,1264.0009367466953,2,5,/private/tmp/avro2s-speed-255_nufn/work/docs/benchmarks/comparison-2026-09-17/comparison-Comparison.json
historical,avro2s.wire.benchmarks.ComparisonBenchmark.javaGenericWrite,string-ascii,"{""profile"": ""string-ascii""}",javaGenericWrite,99.82614494333406,2.0523816934512693,97.77376324988279,101.87852663678532,1040.0013660214902,2.814352069141927e-05,1040.0013378779695,1040.0013941650109,2,5,/private/tmp/avro2s-speed-255_nufn/work/docs/benchmarks/comparison-2026-09-17/comparison-Comparison.json
historical,avro2s.wire.benchmarks.ComparisonBenchmark.javaPrimitivesRead,string-ascii,"{""profile"": ""string-ascii""}",javaPrimitivesRead,106.72005490017519,0.34788946347423955,106.37216543670094,107.06794436364943,2264.0014681663843,1.1445010568421041e-05,2264.001456721374,2264.0014796113946,2,5,/private/tmp/avro2s-speed-255_nufn/work/docs/benchmarks/comparison-2026-09-17/comparison-Comparison.json
historical,avro2s.wire.benchmarks.ComparisonBenchmark.javaPrimitivesWrite,string-ascii,"{""profile"": ""string-ascii""}",javaPrimitivesWrite,94.16195062657278,0.6694856397047134,93.49246498686806,94.83143626627749,1040.0012904747778,1.3007008448999112e-05,1040.0012774677693,1040.0013034817862,2,5,/private/tmp/avro2s-speed-255_nufn/work/docs/benchmarks/comparison-2026-09-17/comparison-Comparison.json
historical,avro2s.wire.benchmarks.ComparisonBenchmark.javaSpecificRead,string-ascii,"{""profile"": ""string-ascii""}",javaSpecificRead,68.77357960460799,0.6188675717871035,68.15471203282088,69.3924471763951,1232.0009441871775,9.685889231468256e-06,1232.0009345012884,1232.0009538730667,2,5,/private/tmp/avro2s-speed-255_nufn/work/docs/benchmarks/comparison-2026-09-17/comparison-Comparison.json
historical,avro2s.wire.benchmarks.ComparisonBenchmark.javaSpecificWrite,string-ascii,"{""profile"": ""string-ascii""}",javaSpecificWrite,104.7496237191845,8.321385231255656,96.42823848792884,113.07100895044016,1040.001427804814,0.00011498817519329324,1040.0013128166388,1040.0015427929893,2,5,/private/tmp/avro2s-speed-255_nufn/work/docs/benchmarks/comparison-2026-09-17/comparison-Comparison.json
historical,avro2s.wire.benchmarks.ComparisonBenchmark.nativeRead,string-ascii,"{""profile"": ""string-ascii""}",nativeRead,234.8957701302695,0.599150860641021,234.29661926962848,235.49492099091054,1128.0032047729273,2.8832012866912103e-05,1128.0031759409144,1128.0032336049403,2,5,/private/tmp/avro2s-speed-255_nufn/work/docs/benchmarks/comparison-2026-09-17/comparison-Comparison.json
historical,avro2s.wire.benchmarks.ComparisonBenchmark.nativeWrite,string-ascii,"{""profile"": ""string-ascii""}",nativeWrite,391.8265199189161,1.3965589812311987,390.42996093768494,393.2230789001473,0.005303834041385724,6.467628586100224e-05,0.005239157755524722,0.005368510327246726,2,5,/private/tmp/avro2s-speed-255_nufn/work/docs/benchmarks/comparison-2026-09-17/comparison-Comparison.json
historical,avro2s.wire.benchmarks.ComparisonBenchmark.avro2sRead,string-unicode,"{""profile"": ""string-unicode""}",avro2sRead,2425.3435567744127,94.4040912961182,2330.9394654782946,2519.747648070531,14072.033253632788,0.0012544823377194873,14072.03199915045,14072.034508115126,2,5,/private/tmp/avro2s-speed-255_nufn/work/docs/benchmarks/comparison-2026-09-17/comparison-Comparison.json
historical,avro2s.wire.benchmarks.ComparisonBenchmark.avro2sWrite,string-unicode,"{""profile"": ""string-unicode""}",avro2sWrite,1971.8625213738549,18.839903755964,1953.0226176178908,1990.702425129819,6688.027042241638,0.00026914856983985204,6688.026773093068,6688.027311390208,2,5,/private/tmp/avro2s-speed-255_nufn/work/docs/benchmarks/comparison-2026-09-17/comparison-Comparison.json
historical,avro2s.wire.benchmarks.ComparisonBenchmark.javaCustomRead,string-unicode,"{""profile"": ""string-unicode""}",javaCustomRead,173.4539069347067,2.2290047044955568,171.22490223021114,175.68291163920227,3048.0023832954366,2.9502718867047452e-05,3048.0023537927177,3048.0024127981555,2,5,/private/tmp/avro2s-speed-255_nufn/work/docs/benchmarks/comparison-2026-09-17/comparison-Comparison.json
historical,avro2s.wire.benchmarks.ComparisonBenchmark.javaCustomWrite,string-unicode,"{""profile"": ""string-unicode""}",javaCustomWrite,1929.4013221028272,18.137214816107992,1911.264107286719,1947.5385369189353,6688.026467286067,0.0002979759687274973,6688.026169310098,6688.026765262035,2,5,/private/tmp/avro2s-speed-255_nufn/work/docs/benchmarks/comparison-2026-09-17/comparison-Comparison.json
historical,avro2s.wire.benchmarks.ComparisonBenchmark.javaGenericRead,string-unicode,"{""profile"": ""string-unicode""}",javaGenericRead,153.18877861859642,6.806775954089842,146.3820026645066,159.99555457268625,3056.0021059677447,9.383272742357494e-05,3056.002012135017,3056.002199800472,2,5,/private/tmp/avro2s-speed-255_nufn/work/docs/benchmarks/comparison-2026-09-17/comparison-Comparison.json
historical,avro2s.wire.benchmarks.ComparisonBenchmark.javaGenericWrite,string-unicode,"{""profile"": ""string-unicode""}",javaGenericWrite,1975.1132124699864,59.672132374224375,1915.441080095762,2034.7853448442108,6688.027097406952,0.0007690080569234607,6688.026328398895,6688.027866415008,2,5,/private/tmp/avro2s-speed-255_nufn/work/docs/benchmarks/comparison-2026-09-17/comparison-Comparison.json
historical,avro2s.wire.benchmarks.ComparisonBenchmark.javaPrimitivesRead,string-unicode,"{""profile"": ""string-unicode""}",javaPrimitivesRead,2335.701608561568,7.980447133980709,2327.721161427587,2343.6820556955486,14072.032120502521,0.00015810323487725752,14072.031962399285,14072.032278605757,2,5,/private/tmp/avro2s-speed-255_nufn/work/docs/benchmarks/comparison-2026-09-17/comparison-Comparison.json
historical,avro2s.wire.benchmarks.ComparisonBenchmark.javaPrimitivesWrite,string-unicode,"{""profile"": ""string-unicode""}",javaPrimitivesWrite,1920.026216154994,7.078925196294626,1912.9472909586993,1927.1051413512887,6688.026337049353,0.00011332901418729484,6688.026223720339,6688.026450378367,2,5,/private/tmp/avro2s-speed-255_nufn/work/docs/benchmarks/comparison-2026-09-17/comparison-Comparison.json
historical,avro2s.wire.benchmarks.ComparisonBenchmark.javaSpecificRead,string-unicode,"{""profile"": ""string-unicode""}",javaSpecificRead,151.9423829961308,7.421530905236279,144.52085209089452,159.36391390136706,3024.002083548552,9.96954229795516e-05,3024.001983853129,3024.002183243975,2,5,/private/tmp/avro2s-speed-255_nufn/work/docs/benchmarks/comparison-2026-09-17/comparison-Comparison.json
historical,avro2s.wire.benchmarks.ComparisonBenchmark.javaSpecificWrite,string-unicode,"{""profile"": ""string-unicode""}",javaSpecificWrite,1925.471775040644,9.262814525131049,1916.208960515513,1934.734589565775,6688.026238470809,0.000290665766546443,6688.025947805043,6688.026529136576,2,5,/private/tmp/avro2s-speed-255_nufn/work/docs/benchmarks/comparison-2026-09-17/comparison-Comparison.json
historical,avro2s.wire.benchmarks.ComparisonBenchmark.nativeRead,string-unicode,"{""profile"": ""string-unicode""}",nativeRead,4211.314414424209,18.725595087641132,4192.588819336567,4230.04000951185,11144.05742808947,0.000709737911214039,11144.05671835156,11144.058137827382,2,5,/private/tmp/avro2s-speed-255_nufn/work/docs/benchmarks/comparison-2026-09-17/comparison-Comparison.json
historical,avro2s.wire.benchmarks.ComparisonBenchmark.nativeWrite,string-unicode,"{""profile"": ""string-unicode""}",nativeWrite,3706.1666158541875,50.05012786162444,3656.116487992563,3756.216743715812,0.05013462847512399,0.0008206877114508745,0.04931394076367311,0.05095531618657487,2,5,/private/tmp/avro2s-speed-255_nufn/work/docs/benchmarks/comparison-2026-09-17/comparison-Comparison.json
historical,avro2s.wire.benchmarks.ComparisonBenchmark.avro2sRead,bytes,"{""profile"": ""bytes""}",avro2sRead,349.9903637937877,4.629179529119299,345.3611842646684,354.619543322907,8400.004806650255,6.687735392982465e-05,8400.004739772901,8400.004873527609,2,5,/private/tmp/avro2s-speed-255_nufn/work/docs/benchmarks/comparison-2026-09-17/comparison-Comparison.json
historical,avro2s.wire.benchmarks.ComparisonBenchmark.avro2sWrite,bytes,"{""profile"": ""bytes""}",avro2sWrite,355.05253705792205,20.04408054702632,335.0084565108957,375.0966176049484,4224.0048724321,0.000264035072085569,4224.004608397027,4224.005136467172,2,5,/private/tmp/avro2s-speed-255_nufn/work/docs/benchmarks/comparison-2026-09-17/comparison-Comparison.json
historical,avro2s.wire.benchmarks.ComparisonBenchmark.javaCustomRead,bytes,"{""profile"": ""bytes""}",javaCustomRead,267.9650553914022,3.6360451526096895,264.3290102387925,271.6011005440119,4352.0036930786355,4.383437673981487e-05,4352.003649244259,4352.003736913012,2,5,/private/tmp/avro2s-speed-255_nufn/work/docs/benchmarks/comparison-2026-09-17/comparison-Comparison.json
historical,avro2s.wire.benchmarks.ComparisonBenchmark.javaCustomWrite,bytes,"{""profile"": ""bytes""}",javaCustomWrite,309.97290302814946,12.391223850605463,297.581679177544,322.3641268787549,4112.004252128648,0.00017061478493421678,4112.004081513863,4112.004422743433,2,5,/private/tmp/avro2s-speed-255_nufn/work/docs/benchmarks/comparison-2026-09-17/comparison-Comparison.json
historical,avro2s.wire.benchmarks.ComparisonBenchmark.javaGenericRead,bytes,"{""profile"": ""bytes""}",javaGenericRead,266.93844059123177,9.738563235437447,257.19987735579434,276.6770038266692,4360.003673418074,0.00013779540953880805,4360.0035356226645,4360.0038112134835,2,5,/private/tmp/avro2s-speed-255_nufn/work/docs/benchmarks/comparison-2026-09-17/comparison-Comparison.json
historical,avro2s.wire.benchmarks.ComparisonBenchmark.javaGenericWrite,bytes,"{""profile"": ""bytes""}",javaGenericWrite,320.6395622232202,9.86410251159595,310.77545971162425,330.50366473481614,4140.0044026462965,44.62198686341346,4095.382415782883,4184.62638950971,2,5,/private/tmp/avro2s-speed-255_nufn/work/docs/benchmarks/comparison-2026-09-17/comparison-Comparison.json
historical,avro2s.wire.benchmarks.ComparisonBenchmark.javaPrimitivesRead,bytes,"{""profile"": ""bytes""}",javaPrimitivesRead,342.84218934849946,14.180801538783662,328.6613878097158,357.02299088728313,8400.004700708732,0.00019030270695353735,8400.004510406025,8400.00489101144,2,5,/private/tmp/avro2s-speed-255_nufn/work/docs/benchmarks/comparison-2026-09-17/comparison-Comparison.json
historical,avro2s.wire.benchmarks.ComparisonBenchmark.javaPrimitivesWrite,bytes,"{""profile"": ""bytes""}",javaPrimitivesWrite,118.51103108337217,3.48443728194647,115.0265938014257,121.99546836531864,0.0016121935038903548,4.888317869558504e-05,0.0015633103251947698,0.0016610766825859399,2,5,/private/tmp/avro2s-speed-255_nufn/work/docs/benchmarks/comparison-2026-09-17/comparison-Comparison.json
historical,avro2s.wire.benchmarks.ComparisonBenchmark.javaSpecificRead,bytes,"{""profile"": ""bytes""}",javaSpecificRead,262.45127588286954,5.718736928634634,256.7325389542349,268.1700128115042,4328.003602937055,7.95651777632343e-05,4328.003523371877,4328.003682502233,2,5,/private/tmp/avro2s-speed-255_nufn/work/docs/benchmarks/comparison-2026-09-17/comparison-Comparison.json
historical,avro2s.wire.benchmarks.ComparisonBenchmark.javaSpecificWrite,bytes,"{""profile"": ""bytes""}",javaSpecificWrite,335.19182807100225,2.560579849441701,332.63124822156055,337.75240792044394,4168.004561138233,5.599285533191838e-05,4168.004505145377,4168.004617131089,2,5,/private/tmp/avro2s-speed-255_nufn/work/docs/benchmarks/comparison-2026-09-17/comparison-Comparison.json
historical,avro2s.wire.benchmarks.ComparisonBenchmark.nativeRead,bytes,"{""profile"": ""bytes""}",nativeRead,169.8518404409736,1.3657292014824667,168.48611123949112,171.21756964245608,4192.002317255314,3.757139014519714e-05,4192.002279683924,4192.002354826704,2,5,/private/tmp/avro2s-speed-255_nufn/work/docs/benchmarks/comparison-2026-09-17/comparison-Comparison.json
historical,avro2s.wire.benchmarks.ComparisonBenchmark.nativeWrite,bytes,"{""profile"": ""bytes""}",nativeWrite,85.09537663428735,6.813721736260833,78.28165489802652,91.90909837054818,0.001146816690627999,9.631381089158951e-05,0.0010505028797364094,0.0012431305015195885,2,5,/private/tmp/avro2s-speed-255_nufn/work/docs/benchmarks/comparison-2026-09-17/comparison-Comparison.json
historical,avro2s.wire.benchmarks.ComparisonBenchmark.avro2sRead,collections-empty,"{""profile"": ""collections-empty""}",avro2sRead,61.84049155683791,4.409633551733594,57.43085800510432,66.25012510857151,432.00084877364725,12.74904588507959,419.2518028885677,444.7498946587268,2,5,/private/tmp/avro2s-speed-255_nufn/work/docs/benchmarks/comparison-2026-09-17/comparison-Comparison.json
historical,avro2s.wire.benchmarks.ComparisonBenchmark.avro2sWrite,collections-empty,"{""profile"": ""collections-empty""}",avro2sWrite,48.97883088370284,1.6519417552860896,47.32688912841675,50.63077263898893,152.00067011724323,1.7293446468478546e-05,152.00065282379677,152.0006874106897,2,5,/private/tmp/avro2s-speed-255_nufn/work/docs/benchmarks/comparison-2026-09-17/comparison-Comparison.json
historical,avro2s.wire.benchmarks.ComparisonBenchmark.javaCustomRead,collections-empty,"{""profile"": ""collections-empty""}",javaCustomRead,83.71132426056849,10.711411660696754,72.99991259987173,94.42273592126524,344.0011500400782,0.0001478813189126546,344.00100215875926,344.0012979213971,2,5,/private/tmp/avro2s-speed-255_nufn/work/docs/benchmarks/comparison-2026-09-17/comparison-Comparison.json
historical,avro2s.wire.benchmarks.ComparisonBenchmark.javaCustomWrite,collections-empty,"{""profile"": ""collections-empty""}",javaCustomWrite,29.29974741464013,0.12785178650548873,29.171895628134642,29.42759920114562,0.0003981015273011667,2.0464933769941544e-06,0.00039605503392417253,0.00040014802067816086,2,5,/private/tmp/avro2s-speed-255_nufn/work/docs/benchmarks/comparison-2026-09-17/comparison-Comparison.json
historical,avro2s.wire.benchmarks.ComparisonBenchmark.javaGenericRead,collections-empty,"{""profile"": ""collections-empty""}",javaGenericRead,72.33278473357791,10.202628314574731,62.13015641900318,82.53541304815263,344.0009913516401,0.00013943282280148275,344.0008519188173,344.0011307844629,2,5,/private/tmp/avro2s-speed-255_nufn/work/docs/benchmarks/comparison-2026-09-17/comparison-Comparison.json
historical,avro2s.wire.benchmarks.ComparisonBenchmark.javaGenericWrite,collections-empty,"{""profile"": ""collections-empty""}",javaGenericWrite,32.442343571104026,0.2039040420681936,32.23843952903583,32.64624761317222,0.00044228410797572985,3.1679765748827434e-06,0.0004391161314008471,0.0004454520845506126,2,5,/private/tmp/avro2s-speed-255_nufn/work/docs/benchmarks/comparison-2026-09-17/comparison-Comparison.json
historical,avro2s.wire.benchmarks.ComparisonBenchmark.javaPrimitivesRead,collections-empty,"{""profile"": ""collections-empty""}",javaPrimitivesRead,29.983819955843114,1.2522741889859557,28.73154576685716,31.236094144829067,256.0004122156826,1.7533768463439607e-05,256.00039468191414,256.0004297494511,2,5,/private/tmp/avro2s-speed-255_nufn/work/docs/benchmarks/comparison-2026-09-17/comparison-Comparison.json
historical,avro2s.wire.benchmarks.ComparisonBenchmark.javaPrimitivesWrite,collections-empty,"{""profile"": ""collections-empty""}",javaPrimitivesWrite,29.214095233725992,0.10686978166185271,29.10722545206414,29.320965015387845,0.00039784194740129784,2.4016073664491327e-06,0.0003954403400348487,0.000400243554767747,2,5,/private/tmp/avro2s-speed-255_nufn/work/docs/benchmarks/comparison-2026-09-17/comparison-Comparison.json
historical,avro2s.wire.benchmarks.ComparisonBenchmark.javaSpecificRead,collections-empty,"{""profile"": ""collections-empty""}",javaSpecificRead,47.833911372904645,6.914664300664816,40.91924707223983,54.74857567356946,320.00065646481727,9.422536475162802e-05,320.0005622394525,320.00075069018203,2,5,/private/tmp/avro2s-speed-255_nufn/work/docs/benchmarks/comparison-2026-09-17/comparison-Comparison.json
historical,avro2s.wire.benchmarks.ComparisonBenchmark.javaSpecificWrite,collections-empty,"{""profile"": ""collections-empty""}",javaSpecificWrite,32.07426569783712,0.10405384028844374,31.970211857548676,32.178319538125564,0.0004348503341639314,5.47404748300621e-06,0.00042937628668092523,0.0004403243816469376,2,5,/private/tmp/avro2s-speed-255_nufn/work/docs/benchmarks/comparison-2026-09-17/comparison-Comparison.json
historical,avro2s.wire.benchmarks.ComparisonBenchmark.nativeRead,collections-empty,"{""profile"": ""collections-empty""}",nativeRead,7.049866882924237,0.030997018160867116,7.01886986476337,7.080863901085103,72.00009619748371,9.018057450644668e-07,72.00009529567797,72.00009709928946,2,5,/private/tmp/avro2s-speed-255_nufn/work/docs/benchmarks/comparison-2026-09-17/comparison-Comparison.json
historical,avro2s.wire.benchmarks.ComparisonBenchmark.nativeWrite,collections-empty,"{""profile"": ""collections-empty""}",nativeWrite,4.178471732948681,0.008476876442305561,4.169994856506376,4.186948609390987,5.64288053474828e-05,5.598479395777141e-07,5.5868957407905086e-05,5.698865328706052e-05,2,5,/private/tmp/avro2s-speed-255_nufn/work/docs/benchmarks/comparison-2026-09-17/comparison-Comparison.json
historical,avro2s.wire.benchmarks.ComparisonBenchmark.avro2sRead,collections-full,"{""profile"": ""collections-full""}",avro2sRead,15884.487192107645,110.04456423855035,15774.442627869093,15994.531756346196,51768.21878387528,50.99740123850109,51717.22138263678,51819.21618511378,2,5,/private/tmp/avro2s-speed-255_nufn/work/docs/benchmarks/comparison-2026-09-17/comparison-Comparison.json
historical,avro2s.wire.benchmarks.ComparisonBenchmark.avro2sWrite,collections-full,"{""profile"": ""collections-full""}",avro2sWrite,4050.399744079851,52.37830332610676,3998.0214407537446,4102.778047405958,11384.05558530641,12.749624066234567,11371.305961240176,11396.805209372646,2,5,/private/tmp/avro2s-speed-255_nufn/work/docs/benchmarks/comparison-2026-09-17/comparison-Comparison.json
historical,avro2s.wire.benchmarks.ComparisonBenchmark.javaCustomRead,collections-full,"{""profile"": ""collections-full""}",javaCustomRead,4647.546714723355,107.83108541694801,4539.715629306407,4755.3778001403025,11864.06397256985,0.0013209442787623432,11864.06265162557,11864.065293514128,2,5,/private/tmp/avro2s-speed-255_nufn/work/docs/benchmarks/comparison-2026-09-17/comparison-Comparison.json
historical,avro2s.wire.benchmarks.ComparisonBenchmark.javaCustomWrite,collections-full,"{""profile"": ""collections-full""}",javaCustomWrite,2228.52247330992,7.580104898437607,2220.942368411482,2236.1025782083575,5120.03057613825,0.00016702448389085237,5120.030409113766,5120.030743162733,2,5,/private/tmp/avro2s-speed-255_nufn/work/docs/benchmarks/comparison-2026-09-17/comparison-Comparison.json
historical,avro2s.wire.benchmarks.ComparisonBenchmark.javaGenericRead,collections-full,"{""profile"": ""collections-full""}",javaGenericRead,3117.136650428815,43.360002987475134,3073.7766474413397,3160.49665341629,12360.042776012115,0.0006125221056043917,12360.042163490009,12360.04338853422,2,5,/private/tmp/avro2s-speed-255_nufn/work/docs/benchmarks/comparison-2026-09-17/comparison-Comparison.json
historical,avro2s.wire.benchmarks.ComparisonBenchmark.javaGenericWrite,collections-full,"{""profile"": ""collections-full""}",javaGenericWrite,2654.2875569438247,31.89288449761251,2622.394672446212,2686.1804414414373,5136.036514063735,25.49781500764441,5110.538699056091,5161.534329071379,2,5,/private/tmp/avro2s-speed-255_nufn/work/docs/benchmarks/comparison-2026-09-17/comparison-Comparison.json
historical,avro2s.wire.benchmarks.ComparisonBenchmark.javaPrimitivesRead,collections-full,"{""profile"": ""collections-full""}",javaPrimitivesRead,10733.784586959926,69.5890298311593,10664.195557128767,10803.373616791085,23832.147653829692,0.0012946704187529882,23832.146359159273,23832.14894850011,2,5,/private/tmp/avro2s-speed-255_nufn/work/docs/benchmarks/comparison-2026-09-17/comparison-Comparison.json
historical,avro2s.wire.benchmarks.ComparisonBenchmark.javaPrimitivesWrite,collections-full,"{""profile"": ""collections-full""}",javaPrimitivesWrite,3037.054372782525,180.22363466280282,2856.8307381197224,3217.278007445328,5360.041634791572,0.0024821198563217553,5360.039152671715,5360.044116911428,2,5,/private/tmp/avro2s-speed-255_nufn/work/docs/benchmarks/comparison-2026-09-17/comparison-Comparison.json
historical,avro2s.wire.benchmarks.ComparisonBenchmark.javaSpecificRead,collections-full,"{""profile"": ""collections-full""}",javaSpecificRead,3116.50839674182,50.13189939418136,3066.3764973476386,3166.6402961360013,12336.042767757226,0.00063248172807536,12336.042135275498,12336.043400238954,2,5,/private/tmp/avro2s-speed-255_nufn/work/docs/benchmarks/comparison-2026-09-17/comparison-Comparison.json
historical,avro2s.wire.benchmarks.ComparisonBenchmark.javaSpecificWrite,collections-full,"{""profile"": ""collections-full""}",javaSpecificWrite,2611.6107406629185,13.029512836231914,2598.5812278266867,2624.6402534991503,5120.035607859977,0.0002819246166744348,5120.035325935361,5120.035889784594,2,5,/private/tmp/avro2s-speed-255_nufn/work/docs/benchmarks/comparison-2026-09-17/comparison-Comparison.json
historical,avro2s.wire.benchmarks.ComparisonBenchmark.nativeRead,collections-full,"{""profile"": ""collections-full""}",nativeRead,9705.784602272823,105.50601020063938,9600.278592072184,9811.290612473462,23668.13238161341,19.125629104543343,23649.006752508867,23687.258010717953,2,5,/private/tmp/avro2s-speed-255_nufn/work/docs/benchmarks/comparison-2026-09-17/comparison-Comparison.json
historical,avro2s.wire.benchmarks.ComparisonBenchmark.nativeWrite,collections-full,"{""profile"": ""collections-full""}",nativeWrite,2595.4944090606327,17.443766700005604,2578.050642360627,2612.9381757606384,240.03521919425856,0.0004168073415259263,240.03480238691702,240.0356360016001,2,5,/private/tmp/avro2s-speed-255_nufn/work/docs/benchmarks/comparison-2026-09-17/comparison-Comparison.json
historical,avro2s.wire.benchmarks.ComparisonBenchmark.avro2sRead,enum-fixed,"{""profile"": ""enum-fixed""}",avro2sRead,1780.7497968766274,225.01896298311885,1555.7308338935086,2005.7687598597463,4864.02446829431,0.003114613541508883,4864.021353680769,4864.027582907852,2,5,/private/tmp/avro2s-speed-255_nufn/work/docs/benchmarks/comparison-2026-09-17/comparison-Comparison.json
historical,avro2s.wire.benchmarks.ComparisonBenchmark.avro2sWrite,enum-fixed,"{""profile"": ""enum-fixed""}",avro2sWrite,1122.5218821320525,73.21482853795047,1049.307053594102,1195.736710670003,2200.015393957671,140.24111645155836,2059.774277506113,2340.2565104092296,2,5,/private/tmp/avro2s-speed-255_nufn/work/docs/benchmarks/comparison-2026-09-17/comparison-Comparison.json
historical,avro2s.wire.benchmarks.ComparisonBenchmark.javaCustomRead,enum-fixed,"{""profile"": ""enum-fixed""}",javaCustomRead,1717.1711170158258,151.62898886653966,1565.542128149286,1868.8001058823654,3232.023576529769,0.002087301682535228,3232.0214892280865,3232.0256638314513,2,5,/private/tmp/avro2s-speed-255_nufn/work/docs/benchmarks/comparison-2026-09-17/comparison-Comparison.json
historical,avro2s.wire.benchmarks.ComparisonBenchmark.javaCustomWrite,enum-fixed,"{""profile"": ""enum-fixed""}",javaCustomWrite,180.26008846376652,2.1586723080618886,178.10141615570464,182.4187607718284,0.002452819323114538,3.5409616479750535e-05,0.0024174097066347873,0.0024882289395942885,2,5,/private/tmp/avro2s-speed-255_nufn/work/docs/benchmarks/comparison-2026-09-17/comparison-Comparison.json
historical,avro2s.wire.benchmarks.ComparisonBenchmark.javaGenericRead,enum-fixed,"{""profile"": ""enum-fixed""}",javaGenericRead,813.2545448352515,28.73397046562466,784.5205743696268,841.9885153008762,2440.0111576803342,0.0004105980980032148,2440.0107470822363,2440.011568278432,2,5,/private/tmp/avro2s-speed-255_nufn/work/docs/benchmarks/comparison-2026-09-17/comparison-Comparison.json
historical,avro2s.wire.benchmarks.ComparisonBenchmark.javaGenericWrite,enum-fixed,"{""profile"": ""enum-fixed""}",javaGenericWrite,523.3762874680892,2.778292556341708,520.5979949117475,526.154580024431,0.007139053179206771,7.77248420389875e-05,0.007061328337167784,0.007216778021245759,2,5,/private/tmp/avro2s-speed-255_nufn/work/docs/benchmarks/comparison-2026-09-17/comparison-Comparison.json
historical,avro2s.wire.benchmarks.ComparisonBenchmark.javaPrimitivesRead,enum-fixed,"{""profile"": ""enum-fixed""}",javaPrimitivesRead,398.6667300867072,2.8653770191543235,395.8013530675529,401.53210710586154,2776.0054686216185,3.8739337888489916e-05,2776.0054298822806,2776.0055073609565,2,5,/private/tmp/avro2s-speed-255_nufn/work/docs/benchmarks/comparison-2026-09-17/comparison-Comparison.json
historical,avro2s.wire.benchmarks.ComparisonBenchmark.javaPrimitivesWrite,enum-fixed,"{""profile"": ""enum-fixed""}",javaPrimitivesWrite,204.62378539624564,9.399855117906595,195.22393027833905,214.02364051415222,0.0027889580486939185,0.0001314159335166814,0.0026575421151772373,0.0029203739822105997,2,5,/private/tmp/avro2s-speed-255_nufn/work/docs/benchmarks/comparison-2026-09-17/comparison-Comparison.json
historical,avro2s.wire.benchmarks.ComparisonBenchmark.javaSpecificRead,enum-fixed,"{""profile"": ""enum-fixed""}",javaSpecificRead,1106.3178897045168,12.820824892591954,1093.497064811925,1119.1387145971087,2944.0151818892805,0.00017354169272352257,2944.015008347588,2944.015355430973,2,5,/private/tmp/avro2s-speed-255_nufn/work/docs/benchmarks/comparison-2026-09-17/comparison-Comparison.json
historical,avro2s.wire.benchmarks.ComparisonBenchmark.javaSpecificWrite,enum-fixed,"{""profile"": ""enum-fixed""}",javaSpecificWrite,439.6932908048619,2.9712640212221344,436.72202678363976,442.664554826084,0.00595339808268845,6.996459950668488e-05,0.005883433483181765,0.0060233626821951354,2,5,/private/tmp/avro2s-speed-255_nufn/work/docs/benchmarks/comparison-2026-09-17/comparison-Comparison.json
historical,avro2s.wire.benchmarks.ComparisonBenchmark.nativeRead,enum-fixed,"{""profile"": ""enum-fixed""}",nativeRead,397.5082397889972,1.5232041687699158,395.9850356202273,399.03144395776707,2688.005407424278,3.939959440335147e-05,2688.005368024684,2688.0054468238723,2,5,/private/tmp/avro2s-speed-255_nufn/work/docs/benchmarks/comparison-2026-09-17/comparison-Comparison.json
historical,avro2s.wire.benchmarks.ComparisonBenchmark.nativeWrite,enum-fixed,"{""profile"": ""enum-fixed""}",nativeWrite,160.89199195216747,0.5195936003693206,160.37239835179815,161.4115855525368,0.002172904364158336,1.3356463157265552e-05,0.0021595479010010706,0.0021862608273156016,2,5,/private/tmp/avro2s-speed-255_nufn/work/docs/benchmarks/comparison-2026-09-17/comparison-Comparison.json
historical,avro2s.wire.benchmarks.ComparisonBenchmark.avro2sRead,numerics,"{""profile"": ""numerics""}",avro2sRead,6617.389690303765,47.39750680385425,6569.99218349991,6664.787197107619,23224.09100282118,0.0008587451178257467,23224.09014407606,23224.0918615663,2,5,/private/tmp/avro2s-speed-255_nufn/work/docs/benchmarks/comparison-2026-09-17/comparison-Comparison.json
historical,avro2s.wire.benchmarks.ComparisonBenchmark.avro2sWrite,numerics,"{""profile"": ""numerics""}",avro2sWrite,5746.387710130193,11.66777739669811,5734.719932733495,5758.055487526892,17640.078978497528,0.00043214374820325793,17640.07854635378,17640.079410641276,2,5,/private/tmp/avro2s-speed-255_nufn/work/docs/benchmarks/comparison-2026-09-17/comparison-Comparison.json
historical,avro2s.wire.benchmarks.ComparisonBenchmark.javaCustomRead,numerics,"{""profile"": ""numerics""}",javaCustomRead,6275.139231215145,14.131309178584166,6261.007922036561,6289.270540393729,7048.086300401827,0.0003108853307587661,7048.085989516497,7048.086611287158,2,5,/private/tmp/avro2s-speed-255_nufn/work/docs/benchmarks/comparison-2026-09-17/comparison-Comparison.json
historical,avro2s.wire.benchmarks.ComparisonBenchmark.javaCustomWrite,numerics,"{""profile"": ""numerics""}",javaCustomWrite,594.9928595665773,5.485073821705393,589.5077857448719,600.4779333882827,0.008097965268150613,9.082943948540947e-05,0.008007135828665204,0.008188794707636022,2,5,/private/tmp/avro2s-speed-255_nufn/work/docs/benchmarks/comparison-2026-09-17/comparison-Comparison.json
historical,avro2s.wire.benchmarks.ComparisonBenchmark.javaGenericRead,numerics,"{""profile"": ""numerics""}",javaGenericRead,2565.911847023909,107.41236054372759,2458.4994864801815,2673.3242075676367,7088.035230684953,0.001502165647562772,7088.033728519305,7088.0367328506,2,5,/private/tmp/avro2s-speed-255_nufn/work/docs/benchmarks/comparison-2026-09-17/comparison-Comparison.json
historical,avro2s.wire.benchmarks.ComparisonBenchmark.javaGenericWrite,numerics,"{""profile"": ""numerics""}",javaGenericWrite,1965.8627187170393,12.737057134827724,1953.1256615822117,1978.599775851867,0.02679867681294707,0.0002365638724041473,0.026562112940542924,0.02703524068535122,2,5,/private/tmp/avro2s-speed-255_nufn/work/docs/benchmarks/comparison-2026-09-17/comparison-Comparison.json
historical,avro2s.wire.benchmarks.ComparisonBenchmark.javaPrimitivesRead,numerics,"{""profile"": ""numerics""}",javaPrimitivesRead,1645.2779390260894,14.757371046716655,1630.5205679793728,1660.035310072806,7856.02262377323,0.00022806816201016423,7856.022395705068,7856.022851841392,2,5,/private/tmp/avro2s-speed-255_nufn/work/docs/benchmarks/comparison-2026-09-17/comparison-Comparison.json
historical,avro2s.wire.benchmarks.ComparisonBenchmark.javaPrimitivesWrite,numerics,"{""profile"": ""numerics""}",javaPrimitivesWrite,1200.9199639090991,12.233169376205087,1188.686794532894,1213.1531332853042,240.01640321053918,0.00017090786610288574,240.01623230267307,240.0165741184053,2,5,/private/tmp/avro2s-speed-255_nufn/work/docs/benchmarks/comparison-2026-09-17/comparison-Comparison.json
historical,avro2s.wire.benchmarks.ComparisonBenchmark.javaSpecificRead,numerics,"{""profile"": ""numerics""}",javaSpecificRead,2533.577006772298,9.02774013608054,2524.5492666362175,2542.6047469083783,7064.034834206423,0.0002004598966800905,7064.034633746526,7064.035034666319,2,5,/private/tmp/avro2s-speed-255_nufn/work/docs/benchmarks/comparison-2026-09-17/comparison-Comparison.json
historical,avro2s.wire.benchmarks.ComparisonBenchmark.javaSpecificWrite,numerics,"{""profile"": ""numerics""}",javaSpecificWrite,1953.6434233825996,26.249620763574576,1927.393802619025,1979.8930441461741,40.02645041927905,0.00044336949712869676,40.026007049781924,40.02689378877618,2,5,/private/tmp/avro2s-speed-255_nufn/work/docs/benchmarks/comparison-2026-09-17/comparison-Comparison.json
historical,avro2s.wire.benchmarks.ComparisonBenchmark.nativeRead,numerics,"{""profile"": ""numerics""}",nativeRead,1480.338479063204,45.929464150775324,1434.4090149124286,1526.2679432139794,7800.020184321319,0.0006283821487240717,7800.0195559391705,7800.0208127034675,2,5,/private/tmp/avro2s-speed-255_nufn/work/docs/benchmarks/comparison-2026-09-17/comparison-Comparison.json
historical,avro2s.wire.benchmarks.ComparisonBenchmark.nativeWrite,numerics,"{""profile"": ""numerics""}",nativeWrite,1414.0098909364417,47.80075968591187,1366.20913125053,1461.8106506223535,240.01908093150672,0.0006347392352951344,240.01844619227143,240.01971567074202,2,5,/private/tmp/avro2s-speed-255_nufn/work/docs/benchmarks/comparison-2026-09-17/comparison-Comparison.json
historical,avro2s.wire.benchmarks.NestedComparisonBenchmark.avro2sRead,nested,{},avro2sRead,3594.2261240053494,95.13804118943894,3499.0880828159106,3689.3641651947883,13176.048972327746,0.0014744639529581534,13176.047497863792,13176.0504467917,2,5,/private/tmp/avro2s-speed-255_nufn/work/docs/benchmarks/comparison-2026-09-17/comparison-NestedComparison.json
historical,avro2s.wire.benchmarks.NestedComparisonBenchmark.avro2sWrite,nested,{},avro2sWrite,3562.328270293195,271.2833157424634,3291.0449545507317,3833.6115860356585,7056.048520848261,0.0035899366607873716,7056.0449309116,7056.052110784923,2,5,/private/tmp/avro2s-speed-255_nufn/work/docs/benchmarks/comparison-2026-09-17/comparison-NestedComparison.json
historical,avro2s.wire.benchmarks.NestedComparisonBenchmark.javaGenericRead,nested,{},javaGenericRead,2715.836570474511,64.74597649070125,2651.09059398381,2780.5825469652123,4912.0370149390565,0.0010576636884829054,4912.035957275368,4912.038072602745,2,5,/private/tmp/avro2s-speed-255_nufn/work/docs/benchmarks/comparison-2026-09-17/comparison-NestedComparison.json
historical,avro2s.wire.benchmarks.NestedComparisonBenchmark.javaGenericWrite,nested,{},javaGenericWrite,1898.1381030390203,42.271950810011255,1855.866152229009,1940.4100538490316,1128.0257965646829,0.000686565936957459,1128.0251099987458,1128.02648313062,2,5,/private/tmp/avro2s-speed-255_nufn/work/docs/benchmarks/comparison-2026-09-17/comparison-NestedComparison.json
historical,avro2s.wire.benchmarks.NestedComparisonBenchmark.javaPrimitivesRead,nested,{},javaPrimitivesRead,1362.728096601596,8.180449712982346,1354.5476468886136,1370.9085463145784,9432.018502010797,0.00011051257171291242,9432.018391498224,9432.018612523369,2,5,/private/tmp/avro2s-speed-255_nufn/work/docs/benchmarks/comparison-2026-09-17/comparison-NestedComparison.json
historical,avro2s.wire.benchmarks.NestedComparisonBenchmark.javaPrimitivesWrite,nested,{},javaPrimitivesWrite,1118.1292051300438,19.490752956100245,1098.6384521739435,1137.6199580861442,2888.0151925561904,0.0002840990559516337,2888.0149084571344,2888.0154766552464,2,5,/private/tmp/avro2s-speed-255_nufn/work/docs/benchmarks/comparison-2026-09-17/comparison-NestedComparison.json
historical,avro2s.wire.benchmarks.NestedComparisonBenchmark.javaSpecificRead,nested,{},javaSpecificRead,1940.833646011214,15.66890095553558,1925.1647450556784,1956.5025469667494,4192.026374984106,0.0003090423207188505,4192.026065941785,4192.026684026427,2,5,/private/tmp/avro2s-speed-255_nufn/work/docs/benchmarks/comparison-2026-09-17/comparison-NestedComparison.json
historical,avro2s.wire.benchmarks.NestedComparisonBenchmark.javaSpecificWrite,nested,{},javaSpecificWrite,2035.083353010138,38.378238531018,1996.7051144791199,2073.461591541156,1488.0275761190435,0.0005190273311185369,1488.0270570917123,1488.0280951463747,2,5,/private/tmp/avro2s-speed-255_nufn/work/docs/benchmarks/comparison-2026-09-17/comparison-NestedComparison.json
historical,avro2s.wire.benchmarks.NestedComparisonBenchmark.nativeRead,nested,{},nativeRead,1294.5517105368663,24.406961222543917,1270.1447493143223,1318.9586717594102,9920.017562162506,0.0003627567868244018,9920.017199405718,9920.017924919293,2,5,/private/tmp/avro2s-speed-255_nufn/work/docs/benchmarks/comparison-2026-09-17/comparison-NestedComparison.json
historical,avro2s.wire.benchmarks.NestedComparisonBenchmark.nativeWrite,nested,{},nativeWrite,655.7101573169747,17.23011561832153,638.4800416986532,672.9402729352962,1760.008940791799,0.00024643696019408537,1760.0086943548388,1760.0091872287592,2,5,/private/tmp/avro2s-speed-255_nufn/work/docs/benchmarks/comparison-2026-09-17/comparison-NestedComparison.json
historical,avro2s.wire.benchmarks.LogicalComparisonBenchmark.avro2sRead,logical,{},avro2sRead,226.13395928233368,7.454607267472957,218.6793520148607,233.58856654980664,1008.0030814929396,0.00010721969402802403,1008.0029742732456,1008.0031887126336,2,5,/private/tmp/avro2s-speed-255_nufn/work/docs/benchmarks/comparison-2026-09-17/comparison-LogicalComparison.json
historical,avro2s.wire.benchmarks.LogicalComparisonBenchmark.avro2sWrite,logical,{},avro2sWrite,191.15051413365993,3.530295763827327,187.6202183698326,194.68080989748725,232.0025931438197,5.056871606907105e-05,232.00254257510363,232.00264371253576,2,5,/private/tmp/avro2s-speed-255_nufn/work/docs/benchmarks/comparison-2026-09-17/comparison-LogicalComparison.json
historical,avro2s.wire.benchmarks.LogicalComparisonBenchmark.javaGenericRead,logical,{},javaGenericRead,172.1575814072749,2.9244000803259085,169.233181326949,175.0819814876008,832.0023387535705,4.046140771414527e-05,832.0022982921628,832.0023792149782,2,5,/private/tmp/avro2s-speed-255_nufn/work/docs/benchmarks/comparison-2026-09-17/comparison-LogicalComparison.json
historical,avro2s.wire.benchmarks.LogicalComparisonBenchmark.javaGenericWrite,logical,{},javaGenericWrite,286.62979054487937,2.895041093712021,283.7347494511674,289.52483163859137,232.00388542219827,4.759902725964566e-05,232.003837823171,232.00393302122552,2,5,/private/tmp/avro2s-speed-255_nufn/work/docs/benchmarks/comparison-2026-09-17/comparison-LogicalComparison.json
historical,avro2s.wire.benchmarks.LogicalComparisonBenchmark.javaPrimitivesRead,logical,{},javaPrimitivesRead,210.49579190576955,2.52096302974361,207.97482887602595,213.01675493551315,640.0028615548268,3.477392819786354e-05,640.0028267808987,640.002896328755,2,5,/private/tmp/avro2s-speed-255_nufn/work/docs/benchmarks/comparison-2026-09-17/comparison-LogicalComparison.json
historical,avro2s.wire.benchmarks.LogicalComparisonBenchmark.javaPrimitivesWrite,logical,{},javaPrimitivesWrite,93.49662365061651,2.181246022345189,91.31537762827132,95.6778696729617,56.00127065785061,3.379832393835586e-05,56.00123685952667,56.00130445617455,2,5,/private/tmp/avro2s-speed-255_nufn/work/docs/benchmarks/comparison-2026-09-17/comparison-LogicalComparison.json
historical,avro2s.wire.benchmarks.LogicalComparisonBenchmark.javaSpecificRead,logical,{},javaSpecificRead,178.19139306841743,1.6280727700240702,176.56332029839336,179.8194658384415,808.0024281600146,3.562253325527579e-05,808.0023925374813,808.0024637825478,2,5,/private/tmp/avro2s-speed-255_nufn/work/docs/benchmarks/comparison-2026-09-17/comparison-LogicalComparison.json
historical,avro2s.wire.benchmarks.LogicalComparisonBenchmark.javaSpecificWrite,logical,{},javaSpecificWrite,190.8133637081604,9.778250393938064,181.03511331422234,200.59161410209848,232.00259285617253,0.00013421252098049516,232.00245864365155,232.0027270686935,2,5,/private/tmp/avro2s-speed-255_nufn/work/docs/benchmarks/comparison-2026-09-17/comparison-LogicalComparison.json
historical,avro2s.wire.benchmarks.LogicalComparisonBenchmark.nativeRead,logical,{},nativeRead,203.072344875063,14.813057415257292,188.2592874598057,217.88540229032031,472.00275901896157,0.00021060831739244426,472.0025484106442,472.00296962727896,2,5,/private/tmp/avro2s-speed-255_nufn/work/docs/benchmarks/comparison-2026-09-17/comparison-LogicalComparison.json
historical,avro2s.wire.benchmarks.LogicalComparisonBenchmark.nativeWrite,logical,{},nativeWrite,77.46527939960069,0.6289232733749845,76.83635612622571,78.09420267297567,80.00105259496986,1.3628928378185226e-05,80.00103896604149,80.00106622389823,2,5,/private/tmp/avro2s-speed-255_nufn/work/docs/benchmarks/comparison-2026-09-17/comparison-LogicalComparison.json
historical,avro2s.wire.benchmarks.DecimalComparisonBenchmark.javaGenericRead,decimal,{},javaGenericRead,119.13260941928623,1.582306577112591,117.55030284217364,120.71491599639882,696.001618953322,2.7964075919274267e-05,696.0015909892461,696.0016469173979,2,5,/private/tmp/avro2s-speed-255_nufn/work/docs/benchmarks/comparison-2026-09-17/comparison-DecimalComparison.json
historical,avro2s.wire.benchmarks.DecimalComparisonBenchmark.javaGenericWrite,decimal,{},javaGenericWrite,183.78199452591352,7.884281803848629,175.89771272206488,191.66627632976216,248.00249714104712,0.00010252723992062585,248.00239461380718,248.00259966828705,2,5,/private/tmp/avro2s-speed-255_nufn/work/docs/benchmarks/comparison-2026-09-17/comparison-DecimalComparison.json
historical,avro2s.wire.benchmarks.DecimalComparisonBenchmark.javaPrimitivesRead,decimal,{},javaPrimitivesRead,92.42698175673186,0.3752891540238936,92.05169260270797,92.80227091075575,680.0012535393482,6.084181057696165e-06,680.0012474551671,680.0012596235293,2,5,/private/tmp/avro2s-speed-255_nufn/work/docs/benchmarks/comparison-2026-09-17/comparison-DecimalComparison.json
historical,avro2s.wire.benchmarks.DecimalComparisonBenchmark.javaPrimitivesWrite,decimal,{},javaPrimitivesWrite,97.44097385359103,110.48622384148273,-13.045249987891694,207.92719769507374,128.0013161025109,0.0014816147291030406,127.99983448778181,128.00279771724,2,5,/private/tmp/avro2s-speed-255_nufn/work/docs/benchmarks/comparison-2026-09-17/comparison-DecimalComparison.json
historical,avro2s.wire.benchmarks.DecimalComparisonBenchmark.javaSpecificRead,decimal,{},javaSpecificRead,157.7085803961539,1.1395053735061287,156.56907502264778,158.84808576966003,688.002139637699,1.4158459699036943e-05,688.0021254792392,688.0021537961587,2,5,/private/tmp/avro2s-speed-255_nufn/work/docs/benchmarks/comparison-2026-09-17/comparison-DecimalComparison.json
historical,avro2s.wire.benchmarks.DecimalComparisonBenchmark.javaSpecificWrite,decimal,{},javaSpecificWrite,173.13531567384052,8.042789875065745,165.09252579877477,181.17810554890627,248.0023517866213,0.00010566183218066227,248.0022461247891,248.00245744845347,2,5,/private/tmp/avro2s-speed-255_nufn/work/docs/benchmarks/comparison-2026-09-17/comparison-DecimalComparison.json
historical,avro2s.wire.benchmarks.DecimalComparisonBenchmark.nativeRead,decimal,{},nativeRead,86.84532466578257,1.0862019977236033,85.75912266805896,87.93152666350618,544.0011835025367,1.7022899058336345e-05,544.0011664796376,544.0012005254358,2,5,/private/tmp/avro2s-speed-255_nufn/work/docs/benchmarks/comparison-2026-09-17/comparison-DecimalComparison.json
historical,avro2s.wire.benchmarks.DecimalComparisonBenchmark.nativeWrite,decimal,{},nativeWrite,52.598427916116066,2.7199989467971863,49.87842896931888,55.31842686291325,128.00071303139333,3.667290951709711e-05,128.00067635848382,128.00074970430285,2,5,/private/tmp/avro2s-speed-255_nufn/work/docs/benchmarks/comparison-2026-09-17/comparison-DecimalComparison.json
fresh-before,avro2s.wire.benchmarks.ComparisonBenchmark.nativeRead,ints-small,"{""profile"": ""ints-small""}",nativeRead,3647.31301687246,15.915031458889365,3631.397985413571,3663.2280483313493,5072.050135081773,0.00034135607266058004,5072.0497937257005,5072.050476437846,2,5,/private/tmp/avro2s-speed-255_nufn/work/docs/benchmarks/speed-2026-09-17/raw/before-Comparison.json
fresh-before,avro2s.wire.benchmarks.ComparisonBenchmark.nativeWrite,ints-small,"{""profile"": ""ints-small""}",nativeWrite,2340.8451059960425,21.134026743493628,2319.711079252549,2361.979132739536,80.03199628259851,0.0003078887646978519,80.03168839383382,80.03230417136321,2,5,/private/tmp/avro2s-speed-255_nufn/work/docs/benchmarks/speed-2026-09-17/raw/before-Comparison.json
fresh-before,avro2s.wire.benchmarks.ComparisonBenchmark.nativeRead,ints-wide,"{""profile"": ""ints-wide""}",nativeRead,7830.491471981373,107.15250924494474,7723.338962736429,7937.643981226318,21456.10785088802,0.0016509791111135523,21456.10619990891,21456.10950186713,2,5,/private/tmp/avro2s-speed-255_nufn/work/docs/benchmarks/speed-2026-09-17/raw/before-Comparison.json
fresh-before,avro2s.wire.benchmarks.ComparisonBenchmark.nativeWrite,ints-wide,"{""profile"": ""ints-wide""}",nativeWrite,4525.10101841426,21.81079407118574,4503.2902243430735,4546.911812485446,80.06177966800661,0.00034530976444908446,80.06143435824215,80.06212497777106,2,5,/private/tmp/avro2s-speed-255_nufn/work/docs/benchmarks/speed-2026-09-17/raw/before-Comparison.json
fresh-before,avro2s.wire.benchmarks.ComparisonBenchmark.nativeRead,longs-mixed,"{""profile"": ""longs-mixed""}",nativeRead,8090.929685422404,49.735705911506614,8041.193979510897,8140.6653913339105,27488.111226098797,0.0012225481169981574,27488.11000355068,27488.112448646916,2,5,/private/tmp/avro2s-speed-255_nufn/work/docs/benchmarks/speed-2026-09-17/raw/before-Comparison.json
fresh-before,avro2s.wire.benchmarks.ComparisonBenchmark.nativeWrite,longs-mixed,"{""profile"": ""longs-mixed""}",nativeWrite,5310.178060887941,38.39456813316443,5271.7834927547765,5348.572629021105,80.07251375317603,0.0008032280304034364,80.07171052514562,80.07331698120643,2,5,/private/tmp/avro2s-speed-255_nufn/work/docs/benchmarks/speed-2026-09-17/raw/before-Comparison.json
fresh-before,avro2s.wire.benchmarks.ComparisonBenchmark.nativeRead,string-ascii,"{""profile"": ""string-ascii""}",nativeRead,238.14003096647238,3.0629679226566346,235.07706304381574,241.20299888912902,1128.0032734776016,6.484522102630519e-05,1128.0032086323806,1128.0033383228226,2,5,/private/tmp/avro2s-speed-255_nufn/work/docs/benchmarks/speed-2026-09-17/raw/before-Comparison.json
fresh-before,avro2s.wire.benchmarks.ComparisonBenchmark.nativeWrite,string-ascii,"{""profile"": ""string-ascii""}",nativeWrite,393.7592346526643,3.744779111146231,390.0144555415181,397.5040137638105,0.005367700027798019,7.078525240531085e-05,0.005296914775392708,0.005438485280203329,2,5,/private/tmp/avro2s-speed-255_nufn/work/docs/benchmarks/speed-2026-09-17/raw/before-Comparison.json
fresh-before,avro2s.wire.benchmarks.ComparisonBenchmark.nativeRead,string-unicode,"{""profile"": ""string-unicode""}",nativeRead,4262.257443172724,39.115484689642514,4223.141958483082,4301.372927862367,11144.05857119706,0.0007087421863072913,11144.057862454874,11144.059279939245,2,5,/private/tmp/avro2s-speed-255_nufn/work/docs/benchmarks/speed-2026-09-17/raw/before-Comparison.json
fresh-before,avro2s.wire.benchmarks.ComparisonBenchmark.nativeWrite,string-unicode,"{""profile"": ""string-unicode""}",nativeWrite,3720.8272396548264,59.766002154145305,3661.0612375006813,3780.5932418089715,0.05081086456329329,0.0008479064656901837,0.04996295809760311,0.051658771028983475,2,5,/private/tmp/avro2s-speed-255_nufn/work/docs/benchmarks/speed-2026-09-17/raw/before-Comparison.json
fresh-before,avro2s.wire.benchmarks.ComparisonBenchmark.nativeRead,bytes,"{""profile"": ""bytes""}",nativeRead,174.20122929897744,4.221551494449801,169.97967780452763,178.42278079342725,4192.002396629049,6.082069489484942e-05,4192.0023358083545,4192.002457449744,2,5,/private/tmp/avro2s-speed-255_nufn/work/docs/benchmarks/speed-2026-09-17/raw/before-Comparison.json
fresh-before,avro2s.wire.benchmarks.ComparisonBenchmark.nativeWrite,bytes,"{""profile"": ""bytes""}",nativeWrite,79.49816431665272,1.1334685455970517,78.36469577105566,80.63163286224977,0.0010840983021757832,1.972660397837645e-05,0.0010643716981974067,0.0011038249061541597,2,5,/private/tmp/avro2s-speed-255_nufn/work/docs/benchmarks/speed-2026-09-17/raw/before-Comparison.json
fresh-before,avro2s.wire.benchmarks.ComparisonBenchmark.nativeRead,collections-empty,"{""profile"": ""collections-empty""}",nativeRead,7.1130054921712045,0.02688850248958676,7.086116989681618,7.139893994660791,72.00009764263982,8.651998559291513e-07,72.00009677743996,72.00009850783967,2,5,/private/tmp/avro2s-speed-255_nufn/work/docs/benchmarks/speed-2026-09-17/raw/before-Comparison.json
fresh-before,avro2s.wire.benchmarks.ComparisonBenchmark.nativeWrite,collections-empty,"{""profile"": ""collections-empty""}",nativeWrite,4.186720350104925,0.006464767061034607,4.18025558304389,4.193185117165959,5.687223341373599e-05,2.451246338072041e-07,5.662710877992879e-05,5.7117358047543195e-05,2,5,/private/tmp/avro2s-speed-255_nufn/work/docs/benchmarks/speed-2026-09-17/raw/before-Comparison.json
fresh-before,avro2s.wire.benchmarks.ComparisonBenchmark.nativeRead,collections-full,"{""profile"": ""collections-full""}",nativeRead,9909.386346615236,422.2347331994285,9487.151613415808,10331.621079814664,23656.136460365356,0.006376808127583661,23656.13008355723,23656.142837173484,2,5,/private/tmp/avro2s-speed-255_nufn/work/docs/benchmarks/speed-2026-09-17/raw/before-Comparison.json
fresh-before,avro2s.wire.benchmarks.ComparisonBenchmark.nativeWrite,collections-full,"{""profile"": ""collections-full""}",nativeWrite,2596.2323493603244,19.00151276957709,2577.2308365907475,2615.2338621299014,240.03543271735953,0.00034934257369380664,240.03508337478584,240.0357820599332,2,5,/private/tmp/avro2s-speed-255_nufn/work/docs/benchmarks/speed-2026-09-17/raw/before-Comparison.json
fresh-before,avro2s.wire.benchmarks.ComparisonBenchmark.nativeRead,enum-fixed,"{""profile"": ""enum-fixed""}",nativeRead,401.229776474748,4.961198838081205,396.2685776366668,406.1909753128292,2688.0055198874006,8.110741688539211e-05,2688.0054387799837,2688.0056009948175,2,5,/private/tmp/avro2s-speed-255_nufn/work/docs/benchmarks/speed-2026-09-17/raw/before-Comparison.json
fresh-before,avro2s.wire.benchmarks.ComparisonBenchmark.nativeWrite,enum-fixed,"{""profile"": ""enum-fixed""}",nativeWrite,161.10133588827395,1.5510319250986175,159.55030396317534,162.65236781337256,0.0021918119014162425,2.8996449999278598e-05,0.002162815451416964,0.002220808351415521,2,5,/private/tmp/avro2s-speed-255_nufn/work/docs/benchmarks/speed-2026-09-17/raw/before-Comparison.json
fresh-before,avro2s.wire.benchmarks.ComparisonBenchmark.nativeRead,numerics,"{""profile"": ""numerics""}",nativeRead,1483.8654945111416,21.23914485213473,1462.6263496590068,1505.1046393632764,7800.020339573641,0.00033549688440817524,7800.020004076757,7800.020675070525,2,5,/private/tmp/avro2s-speed-255_nufn/work/docs/benchmarks/speed-2026-09-17/raw/before-Comparison.json
fresh-before,avro2s.wire.benchmarks.ComparisonBenchmark.nativeWrite,numerics,"{""profile"": ""numerics""}",nativeWrite,1390.596440771809,51.63202265253219,1338.9644181192768,1442.2284634243413,240.018962279322,0.0006932370623140903,240.0182690422597,240.01965551638432,2,5,/private/tmp/avro2s-speed-255_nufn/work/docs/benchmarks/speed-2026-09-17/raw/before-Comparison.json
fresh-before,avro2s.wire.benchmarks.NestedComparisonBenchmark.nativeRead,nested,{},nativeRead,1305.9400179165812,9.686757059430425,1296.2532608571507,1315.6267749760116,9920.017927070303,0.00015116527533666827,9920.017775905028,9920.018078235578,2,5,/private/tmp/avro2s-speed-255_nufn/work/docs/benchmarks/speed-2026-09-17/raw/before-NestedComparison.json
fresh-before,avro2s.wire.benchmarks.NestedComparisonBenchmark.nativeWrite,nested,{},nativeWrite,671.4835233305147,44.813607106128366,626.6699162243863,716.2971304366431,1760.0092198038874,0.0006374558762887663,1760.008582348011,1760.0098572597637,2,5,/private/tmp/avro2s-speed-255_nufn/work/docs/benchmarks/speed-2026-09-17/raw/before-NestedComparison.json
fresh-before,avro2s.wire.benchmarks.LogicalComparisonBenchmark.nativeRead,logical,{},nativeRead,199.8068175582773,2.78023814856541,197.02657940971187,202.5870557068427,472.002739929391,3.588546438995903e-05,472.0027040439266,472.0027758148554,2,5,/private/tmp/avro2s-speed-255_nufn/work/docs/benchmarks/speed-2026-09-17/raw/before-LogicalComparison.json
fresh-before,avro2s.wire.benchmarks.LogicalComparisonBenchmark.nativeWrite,logical,{},nativeWrite,79.2513808641372,0.22154903473760168,79.0298318293996,79.47292989887481,80.00108501458313,3.7776437665513056e-06,80.00108123693936,80.0010887922269,2,5,/private/tmp/avro2s-speed-255_nufn/work/docs/benchmarks/speed-2026-09-17/raw/before-LogicalComparison.json
fresh-before,avro2s.wire.benchmarks.DecimalComparisonBenchmark.nativeRead,decimal,{},nativeRead,89.00372992677396,0.3401298465281015,88.66360008024586,89.34385977330206,544.0012200351091,6.142762450610432e-06,544.0012138923466,544.0012261778716,2,5,/private/tmp/avro2s-speed-255_nufn/work/docs/benchmarks/speed-2026-09-17/raw/before-DecimalComparison.json
fresh-before,avro2s.wire.benchmarks.DecimalComparisonBenchmark.nativeWrite,decimal,{},nativeWrite,54.872139594882796,3.0382733351275446,51.833866259755254,57.91041293001034,128.0007514875122,4.189437704672076e-05,128.00070959313516,128.00079338188922,2,5,/private/tmp/avro2s-speed-255_nufn/work/docs/benchmarks/speed-2026-09-17/raw/before-DecimalComparison.json
final-after,avro2s.wire.benchmarks.ComparisonBenchmark.avro2sRead,ints-small,"{""profile"": ""ints-small""}",avro2sRead,11617.714440257147,97.15215320194257,11520.562287055203,11714.86659345909,33160.1601614311,0.002304805062546699,33160.157856626036,33160.162466236165,2,5,/private/tmp/avro2s-speed-255_nufn/work/docs/benchmarks/speed-2026-09-17/raw/after-Comparison.json
final-after,avro2s.wire.benchmarks.ComparisonBenchmark.avro2sWrite,ints-small,"{""profile"": ""ints-small""}",avro2sWrite,15079.16640777074,1443.783910476847,13635.382497293893,16522.950318247586,32968.20781996302,0.01938267084575364,32968.18843729217,32968.22720263387,2,5,/private/tmp/avro2s-speed-255_nufn/work/docs/benchmarks/speed-2026-09-17/raw/after-Comparison.json
final-after,avro2s.wire.benchmarks.ComparisonBenchmark.javaCustomRead,ints-small,"{""profile"": ""ints-small""}",javaCustomRead,14097.616201072911,313.92294804462887,13783.693253028283,14411.53914911754,4368.1933054089,0.005290368487986823,4368.188015040412,4368.198595777389,2,5,/private/tmp/avro2s-speed-255_nufn/work/docs/benchmarks/speed-2026-09-17/raw/after-Comparison.json
final-after,avro2s.wire.benchmarks.ComparisonBenchmark.javaCustomWrite,ints-small,"{""profile"": ""ints-small""}",javaCustomWrite,1074.03520027827,25.750379096144787,1048.2848211821251,1099.7855793744147,0.014668313980345599,0.0003211713524131344,0.014347142627932465,0.014989485332758732,2,5,/private/tmp/avro2s-speed-255_nufn/work/docs/benchmarks/speed-2026-09-17/raw/after-Comparison.json
final-after,avro2s.wire.benchmarks.ComparisonBenchmark.javaGenericRead,ints-small,"{""profile"": ""ints-small""}",javaGenericRead,3863.093374485868,33.5176479907578,3829.5757264951103,3896.6110224766257,4376.0530346750165,0.0005182614680564589,4376.052516413549,4376.053552936484,2,5,/private/tmp/avro2s-speed-255_nufn/work/docs/benchmarks/speed-2026-09-17/raw/after-Comparison.json
final-after,avro2s.wire.benchmarks.ComparisonBenchmark.javaGenericWrite,ints-small,"{""profile"": ""ints-small""}",javaGenericWrite,4438.084938166501,90.63947421106475,4347.445463955436,4528.724412377566,0.06043679789654997,0.0012692929450439385,0.05916750495150603,0.061706090841593904,2,5,/private/tmp/avro2s-speed-255_nufn/work/docs/benchmarks/speed-2026-09-17/raw/after-Comparison.json
final-after,avro2s.wire.benchmarks.ComparisonBenchmark.javaPrimitivesRead,ints-small,"{""profile"": ""ints-small""}",javaPrimitivesRead,3542.8772635251835,44.15586690721886,3498.7213966179647,3587.0331304324022,5176.048549499464,0.0006037313143950071,5176.0479457681495,5176.049153230778,2,5,/private/tmp/avro2s-speed-255_nufn/work/docs/benchmarks/speed-2026-09-17/raw/after-Comparison.json
final-after,avro2s.wire.benchmarks.ComparisonBenchmark.javaPrimitivesWrite,ints-small,"{""profile"": ""ints-small""}",javaPrimitivesWrite,2727.6966840016003,240.97276651947143,2486.723917482129,2968.6694505210717,80.03720559896543,0.0033240748295224817,80.03388152413591,80.04052967379495,2,5,/private/tmp/avro2s-speed-255_nufn/work/docs/benchmarks/speed-2026-09-17/raw/after-Comparison.json
final-after,avro2s.wire.benchmarks.ComparisonBenchmark.javaSpecificRead,ints-small,"{""profile"": ""ints-small""}",javaSpecificRead,3859.1080430704983,53.151304960946185,3805.956738109552,3912.2593480314445,4344.052464337199,0.0006213009366495229,4344.051843036263,4344.053085638136,2,5,/private/tmp/avro2s-speed-255_nufn/work/docs/benchmarks/speed-2026-09-17/raw/after-Comparison.json
final-after,avro2s.wire.benchmarks.ComparisonBenchmark.javaSpecificWrite,ints-small,"{""profile"": ""ints-small""}",javaSpecificWrite,4477.434576177042,118.50698368702622,4358.927592490016,4595.941559864068,16.060449987325203,25.499281740707314,-9.438831753382111,41.55973172803252,2,5,/private/tmp/avro2s-speed-255_nufn/work/docs/benchmarks/speed-2026-09-17/raw/after-Comparison.json
final-after,avro2s.wire.benchmarks.ComparisonBenchmark.nativeRead,ints-small,"{""profile"": ""ints-small""}",nativeRead,3452.749489339831,74.05389265233822,3378.695596687493,3526.8033819921693,5072.046914697755,0.0009829349762555152,5072.045931762778,5072.047897632731,2,5,/private/tmp/avro2s-speed-255_nufn/work/docs/benchmarks/speed-2026-09-17/raw/after-Comparison.json
final-after,avro2s.wire.benchmarks.ComparisonBenchmark.nativeWrite,ints-small,"{""profile"": ""ints-small""}",nativeWrite,1622.672903647056,22.995522275860587,1599.6773813711955,1645.6684259229166,80.02190023879791,0.0003702513861309845,80.02152998741178,80.02227049018404,2,5,/private/tmp/avro2s-speed-255_nufn/work/docs/benchmarks/speed-2026-09-17/raw/after-Comparison.json
final-after,avro2s.wire.benchmarks.ComparisonBenchmark.avro2sRead,ints-wide,"{""profile"": ""ints-wide""}",avro2sRead,12926.088259389779,271.52273023393195,12654.565529155847,13197.61098962371,65928.17787525343,0.0037745380243458023,65928.1741007154,65928.18164979146,2,5,/private/tmp/avro2s-speed-255_nufn/work/docs/benchmarks/speed-2026-09-17/raw/after-Comparison.json
final-after,avro2s.wire.benchmarks.ComparisonBenchmark.avro2sWrite,ints-wide,"{""profile"": ""ints-wide""}",avro2sWrite,15497.756792570779,94.88468878948379,15402.872103781296,15592.641481360262,49352.21371087206,0.002445989704212803,49352.21126488236,49352.21615686177,2,5,/private/tmp/avro2s-speed-255_nufn/work/docs/benchmarks/speed-2026-09-17/raw/after-Comparison.json
final-after,avro2s.wire.benchmarks.ComparisonBenchmark.javaCustomRead,ints-wide,"{""profile"": ""ints-wide""}",javaCustomRead,16096.192234505856,595.7250511674284,15500.467183338427,16691.917285673284,20752.22224851973,0.00780622198568114,20752.214442297744,20752.230054741718,2,5,/private/tmp/avro2s-speed-255_nufn/work/docs/benchmarks/speed-2026-09-17/raw/after-Comparison.json
final-after,avro2s.wire.benchmarks.ComparisonBenchmark.javaCustomWrite,ints-wide,"{""profile"": ""ints-wide""}",javaCustomWrite,3335.47818891937,16.434306434121066,3319.043882485249,3351.912495353491,0.045466343871779356,0.00027536746562138324,0.045190976406157976,0.04574171133740074,2,5,/private/tmp/avro2s-speed-255_nufn/work/docs/benchmarks/speed-2026-09-17/raw/after-Comparison.json
final-after,avro2s.wire.benchmarks.ComparisonBenchmark.javaGenericRead,ints-wide,"{""profile"": ""ints-wide""}",javaGenericRead,5077.705099104718,35.63024436483731,5042.074854739881,5113.3353434695555,20760.069615021,0.0006153793739250887,20760.068999641626,20760.07023040037,2,5,/private/tmp/avro2s-speed-255_nufn/work/docs/benchmarks/speed-2026-09-17/raw/after-Comparison.json
final-after,avro2s.wire.benchmarks.ComparisonBenchmark.javaGenericWrite,ints-wide,"{""profile"": ""ints-wide""}",javaGenericWrite,5843.954303199129,117.89872773136537,5726.055575467763,5961.853030930494,0.07958154598877061,0.0016581470133843292,0.07792339897538628,0.08123969300215494,2,5,/private/tmp/avro2s-speed-255_nufn/work/docs/benchmarks/speed-2026-09-17/raw/after-Comparison.json
final-after,avro2s.wire.benchmarks.ComparisonBenchmark.javaPrimitivesRead,ints-wide,"{""profile"": ""ints-wide""}",javaPrimitivesRead,4568.860039185609,32.04674656836325,4536.813292617246,4600.906785753972,21560.062649616673,0.0004861391396426342,21560.062163477534,21560.063135755812,2,5,/private/tmp/avro2s-speed-255_nufn/work/docs/benchmarks/speed-2026-09-17/raw/after-Comparison.json
final-after,avro2s.wire.benchmarks.ComparisonBenchmark.javaPrimitivesWrite,ints-wide,"{""profile"": ""ints-wide""}",javaPrimitivesWrite,4970.320065293001,2001.6940140208346,2968.6260512721665,6972.014079313835,80.0671046364034,0.026202948980189458,80.04090168742322,80.09330758538358,2,5,/private/tmp/avro2s-speed-255_nufn/work/docs/benchmarks/speed-2026-09-17/raw/after-Comparison.json
final-after,avro2s.wire.benchmarks.ComparisonBenchmark.javaSpecificRead,ints-wide,"{""profile"": ""ints-wide""}",javaSpecificRead,5088.245266731433,188.2815037209891,4899.9637630104435,5276.526770452422,20728.06908113259,0.0027628611649035597,20728.066318271427,20728.071843993755,2,5,/private/tmp/avro2s-speed-255_nufn/work/docs/benchmarks/speed-2026-09-17/raw/after-Comparison.json
final-after,avro2s.wire.benchmarks.ComparisonBenchmark.javaSpecificWrite,ints-wide,"{""profile"": ""ints-wide""}",javaSpecificWrite,5871.469320164842,83.73097081990595,5787.738349344936,5955.200290984749,32.07952676839349,0.0016755180755334855,32.077851250317956,32.08120228646903,2,5,/private/tmp/avro2s-speed-255_nufn/work/docs/benchmarks/speed-2026-09-17/raw/after-Comparison.json
final-after,avro2s.wire.benchmarks.ComparisonBenchmark.nativeRead,ints-wide,"{""profile"": ""ints-wide""}",nativeRead,4565.044219389541,10.587634634624672,4554.456584754916,4575.6318540241655,21456.061953616078,0.0002553578631554835,21456.061698258214,21456.06220897394,2,5,/private/tmp/avro2s-speed-255_nufn/work/docs/benchmarks/speed-2026-09-17/raw/after-Comparison.json
final-after,avro2s.wire.benchmarks.ComparisonBenchmark.nativeWrite,ints-wide,"{""profile"": ""ints-wide""}",nativeWrite,2582.815068818819,46.69797977297628,2536.1170890458425,2629.5130485917953,80.03487001845173,0.0007569789923119215,80.03411303945941,80.03562699744404,2,5,/private/tmp/avro2s-speed-255_nufn/work/docs/benchmarks/speed-2026-09-17/raw/after-Comparison.json
final-after,avro2s.wire.benchmarks.ComparisonBenchmark.avro2sRead,longs-mixed,"{""profile"": ""longs-mixed""}",avro2sRead,14604.192565446278,792.3494210823184,13811.843144363958,15396.541986528597,77992.20164946251,0.01054696140202807,77992.1911025011,77992.21219642392,2,5,/private/tmp/avro2s-speed-255_nufn/work/docs/benchmarks/speed-2026-09-17/raw/after-Comparison.json
final-after,avro2s.wire.benchmarks.ComparisonBenchmark.avro2sWrite,longs-mixed,"{""profile"": ""longs-mixed""}",avro2sWrite,17137.54055277649,275.92381580532873,16861.61673697116,17413.46436858182,55384.23654801439,0.005310533032998272,55384.23123748136,55384.24185854742,2,5,/private/tmp/avro2s-speed-255_nufn/work/docs/benchmarks/speed-2026-09-17/raw/after-Comparison.json
final-after,avro2s.wire.benchmarks.ComparisonBenchmark.javaCustomRead,longs-mixed,"{""profile"": ""longs-mixed""}",javaCustomRead,20541.29083933559,3845.3209451527946,16695.969894182796,24386.611784488385,26784.28372074166,0.05193143700968319,26784.23178930465,26784.33565217867,2,5,/private/tmp/avro2s-speed-255_nufn/work/docs/benchmarks/speed-2026-09-17/raw/after-Comparison.json
final-after,avro2s.wire.benchmarks.ComparisonBenchmark.javaCustomWrite,longs-mixed,"{""profile"": ""longs-mixed""}",javaCustomWrite,3944.389205409682,101.05193691296482,3843.337268496717,4045.4411423226466,0.05394882554066825,0.0011363646909008586,0.052812460849767394,0.05508519023156911,2,5,/private/tmp/avro2s-speed-255_nufn/work/docs/benchmarks/speed-2026-09-17/raw/after-Comparison.json
final-after,avro2s.wire.benchmarks.ComparisonBenchmark.javaGenericRead,longs-mixed,"{""profile"": ""longs-mixed""}",javaGenericRead,6106.829057671571,68.3320128321247,6038.497044839446,6175.161070503696,26792.08371045227,0.0009665588090626102,26792.08274389346,26792.084677011077,2,5,/private/tmp/avro2s-speed-255_nufn/work/docs/benchmarks/speed-2026-09-17/raw/after-Comparison.json
final-after,avro2s.wire.benchmarks.ComparisonBenchmark.javaGenericWrite,longs-mixed,"{""profile"": ""longs-mixed""}",javaGenericWrite,6505.302434755422,136.4358862969124,6368.86654845851,6641.738321052334,32.08917508053287,0.0023881031331120773,32.086786977399754,32.09156318366598,2,5,/private/tmp/avro2s-speed-255_nufn/work/docs/benchmarks/speed-2026-09-17/raw/after-Comparison.json
final-after,avro2s.wire.benchmarks.ComparisonBenchmark.javaPrimitivesRead,longs-mixed,"{""profile"": ""longs-mixed""}",javaPrimitivesRead,5250.322141503287,77.12060420862667,5173.20153729466,5327.442745711914,27592.0721072159,0.00126205167949166,27592.07084516422,27592.07336926758,2,5,/private/tmp/avro2s-speed-255_nufn/work/docs/benchmarks/speed-2026-09-17/raw/after-Comparison.json
final-after,avro2s.wire.benchmarks.ComparisonBenchmark.javaPrimitivesWrite,longs-mixed,"{""profile"": ""longs-mixed""}",javaPrimitivesWrite,4777.789553440735,82.8322732110484,4694.957280229687,4860.6218266517835,80.06502606045947,0.001172118517271231,80.0638539419422,80.06619817897675,2,5,/private/tmp/avro2s-speed-255_nufn/work/docs/benchmarks/speed-2026-09-17/raw/after-Comparison.json
final-after,avro2s.wire.benchmarks.ComparisonBenchmark.javaSpecificRead,longs-mixed,"{""profile"": ""longs-mixed""}",javaSpecificRead,6077.439446058442,35.941122379896264,6041.498323678546,6113.380568438338,26760.08242559004,0.000397579891418762,26760.08202801015,26760.08282316993,2,5,/private/tmp/avro2s-speed-255_nufn/work/docs/benchmarks/speed-2026-09-17/raw/after-Comparison.json
final-after,avro2s.wire.benchmarks.ComparisonBenchmark.javaSpecificWrite,longs-mixed,"{""profile"": ""longs-mixed""}",javaSpecificWrite,6504.135419192263,97.83138052888174,6406.304038663381,6601.9667997211445,32.08802057375031,0.001264156765560874,32.086756416984755,32.08928473051587,2,5,/private/tmp/avro2s-speed-255_nufn/work/docs/benchmarks/speed-2026-09-17/raw/after-Comparison.json
final-after,avro2s.wire.benchmarks.ComparisonBenchmark.nativeRead,longs-mixed,"{""profile"": ""longs-mixed""}",nativeRead,5821.922967126351,53.072118351530584,5768.85084877482,5874.995085477882,27488.07937576516,0.0015220470617930127,27488.077853718096,27488.080897812222,2,5,/private/tmp/avro2s-speed-255_nufn/work/docs/benchmarks/speed-2026-09-17/raw/after-Comparison.json
final-after,avro2s.wire.benchmarks.ComparisonBenchmark.nativeWrite,longs-mixed,"{""profile"": ""longs-mixed""}",nativeWrite,3388.887710226971,74.8090317694338,3314.0786784575375,3463.696741996405,80.0458089788349,0.0012329930541753315,80.04457598578072,80.04704197188907,2,5,/private/tmp/avro2s-speed-255_nufn/work/docs/benchmarks/speed-2026-09-17/raw/after-Comparison.json
final-after,avro2s.wire.benchmarks.ComparisonBenchmark.avro2sRead,string-ascii,"{""profile"": ""string-ascii""}",avro2sRead,116.67806533268443,1.0209428963581857,115.65712243632623,117.69900822904262,2264.001605346618,2.099911483830881e-05,2264.001584347503,2264.001626345733,2,5,/private/tmp/avro2s-speed-255_nufn/work/docs/benchmarks/speed-2026-09-17/raw/after-Comparison.json
final-after,avro2s.wire.benchmarks.ComparisonBenchmark.avro2sWrite,string-ascii,"{""profile"": ""string-ascii""}",avro2sWrite,104.70383647168426,9.655575211421114,95.04826126026315,114.35941168310536,1040.0014369550931,0.0001333484178882372,1040.0013036066753,1040.001570303511,2,5,/private/tmp/avro2s-speed-255_nufn/work/docs/benchmarks/speed-2026-09-17/raw/after-Comparison.json
final-after,avro2s.wire.benchmarks.ComparisonBenchmark.javaCustomRead,string-ascii,"{""profile"": ""string-ascii""}",javaCustomRead,95.30868293422319,1.1407724254762108,94.16791050874697,96.4494553596994,1256.0013093837194,1.208128781892609e-05,1256.0012973024316,1256.0013214650073,2,5,/private/tmp/avro2s-speed-255_nufn/work/docs/benchmarks/speed-2026-09-17/raw/after-Comparison.json
final-after,avro2s.wire.benchmarks.ComparisonBenchmark.javaCustomWrite,string-ascii,"{""profile"": ""string-ascii""}",javaCustomWrite,95.01565359843158,2.7270315738129773,92.2886220246186,97.74268517224456,1040.00130123199,3.7393071405898886e-05,1040.0012638389187,1040.0013386250614,2,5,/private/tmp/avro2s-speed-255_nufn/work/docs/benchmarks/speed-2026-09-17/raw/after-Comparison.json
final-after,avro2s.wire.benchmarks.ComparisonBenchmark.javaGenericRead,string-ascii,"{""profile"": ""string-ascii""}",javaGenericRead,67.6444197706676,0.331367527811767,67.31305224285583,67.97578729847936,1264.000929789176,9.53681105683456e-06,1264.000920252365,1264.0009393259872,2,5,/private/tmp/avro2s-speed-255_nufn/work/docs/benchmarks/speed-2026-09-17/raw/after-Comparison.json
final-after,avro2s.wire.benchmarks.ComparisonBenchmark.javaGenericWrite,string-ascii,"{""profile"": ""string-ascii""}",javaGenericWrite,98.0686930102369,1.5441064262636226,96.52458658397327,99.61279943650052,1040.0013414042194,2.1743046692074034e-05,1040.0013196611726,1040.0013631472661,2,5,/private/tmp/avro2s-speed-255_nufn/work/docs/benchmarks/speed-2026-09-17/raw/after-Comparison.json
final-after,avro2s.wire.benchmarks.ComparisonBenchmark.javaPrimitivesRead,string-ascii,"{""profile"": ""string-ascii""}",javaPrimitivesRead,106.32949789155926,1.1991058243017545,105.1303920672575,107.52860371586101,2264.0014588341196,1.552030604179765e-05,2264.0014433138135,2264.0014743544257,2,5,/private/tmp/avro2s-speed-255_nufn/work/docs/benchmarks/speed-2026-09-17/raw/after-Comparison.json
final-after,avro2s.wire.benchmarks.ComparisonBenchmark.javaPrimitivesWrite,string-ascii,"{""profile"": ""string-ascii""}",javaPrimitivesWrite,92.5920307518737,0.2604043866964501,92.33162636517724,92.85243513857014,1040.0012701883447,8.900194602634039e-06,1040.00126128815,1040.0012790885394,2,5,/private/tmp/avro2s-speed-255_nufn/work/docs/benchmarks/speed-2026-09-17/raw/after-Comparison.json
final-after,avro2s.wire.benchmarks.ComparisonBenchmark.javaSpecificRead,string-ascii,"{""profile"": ""string-ascii""}",javaSpecificRead,69.30674272056719,4.212201616827743,65.09454110373945,73.51894433739493,1232.0009417965625,5.933193217829139e-05,1232.0008824646304,1232.0010011284946,2,5,/private/tmp/avro2s-speed-255_nufn/work/docs/benchmarks/speed-2026-09-17/raw/after-Comparison.json
final-after,avro2s.wire.benchmarks.ComparisonBenchmark.javaSpecificWrite,string-ascii,"{""profile"": ""string-ascii""}",javaSpecificWrite,97.95979199624489,0.419858986081169,97.53993301016372,98.37965098232605,1040.001330425236,1.6046275024283084e-05,1040.0013143789608,1040.001346471511,2,5,/private/tmp/avro2s-speed-255_nufn/work/docs/benchmarks/speed-2026-09-17/raw/after-Comparison.json
final-after,avro2s.wire.benchmarks.ComparisonBenchmark.nativeRead,string-ascii,"{""profile"": ""string-ascii""}",nativeRead,54.12734208821489,0.22037151659568394,53.906970571619205,54.34771360481057,1128.0007373492867,1.029696149035251e-05,1128.0007270523251,1128.0007476462483,2,5,/private/tmp/avro2s-speed-255_nufn/work/docs/benchmarks/speed-2026-09-17/raw/after-Comparison.json
final-after,avro2s.wire.benchmarks.ComparisonBenchmark.nativeWrite,string-ascii,"{""profile"": ""string-ascii""}",nativeWrite,110.8502604615632,0.25517016280132665,110.59509029876187,111.10543062436452,1040.0015046702404,1.4895743639298191e-05,1040.0014897744968,1040.001519565984,2,5,/private/tmp/avro2s-speed-255_nufn/work/docs/benchmarks/speed-2026-09-17/raw/after-Comparison.json
final-after,avro2s.wire.benchmarks.ComparisonBenchmark.avro2sRead,string-unicode,"{""profile"": ""string-unicode""}",avro2sRead,2379.683535769159,34.50620000745761,2345.177335761701,2414.1897357766165,14072.032692826417,0.000630023710545668,14072.032062802706,14072.033322850128,2,5,/private/tmp/avro2s-speed-255_nufn/work/docs/benchmarks/speed-2026-09-17/raw/after-Comparison.json
final-after,avro2s.wire.benchmarks.ComparisonBenchmark.avro2sWrite,string-unicode,"{""profile"": ""string-unicode""}",avro2sWrite,1964.4176424617167,33.34743429780642,1931.0702081639104,1997.765076759523,6688.02697073659,0.0004957599507466395,6688.026474976639,6688.02746649654,2,5,/private/tmp/avro2s-speed-255_nufn/work/docs/benchmarks/speed-2026-09-17/raw/after-Comparison.json
final-after,avro2s.wire.benchmarks.ComparisonBenchmark.javaCustomRead,string-unicode,"{""profile"": ""string-unicode""}",javaCustomRead,174.22977147920764,3.174936916097025,171.0548345631106,177.40470839530468,3048.0023949885367,4.917088518923841e-05,3048.0023458176515,3048.002444159422,2,5,/private/tmp/avro2s-speed-255_nufn/work/docs/benchmarks/speed-2026-09-17/raw/after-Comparison.json
final-after,avro2s.wire.benchmarks.ComparisonBenchmark.javaCustomWrite,string-unicode,"{""profile"": ""string-unicode""}",javaCustomWrite,1920.8680446263213,38.7720642923343,1882.095980333987,1959.6401089186556,6688.026285856208,0.0005302912030403334,6688.025755565005,6688.026816147411,2,5,/private/tmp/avro2s-speed-255_nufn/work/docs/benchmarks/speed-2026-09-17/raw/after-Comparison.json
final-after,avro2s.wire.benchmarks.ComparisonBenchmark.javaGenericRead,string-unicode,"{""profile"": ""string-unicode""}",javaGenericRead,151.01397787473167,0.9477920255241351,150.06618584920753,151.9617699002558,3056.002076465741,1.8083763277321223e-05,3056.002058381978,3056.0020945495044,2,5,/private/tmp/avro2s-speed-255_nufn/work/docs/benchmarks/speed-2026-09-17/raw/after-Comparison.json
final-after,avro2s.wire.benchmarks.ComparisonBenchmark.javaGenericWrite,string-unicode,"{""profile"": ""string-unicode""}",javaGenericWrite,1894.1110167329498,33.67173302719332,1860.4392837057565,1927.7827497601431,6688.025945249416,0.0004918930804946195,6688.025453356335,6688.026437142496,2,5,/private/tmp/avro2s-speed-255_nufn/work/docs/benchmarks/speed-2026-09-17/raw/after-Comparison.json
final-after,avro2s.wire.benchmarks.ComparisonBenchmark.javaPrimitivesRead,string-unicode,"{""profile"": ""string-unicode""}",javaPrimitivesRead,2268.996410205731,5.600445728523094,2263.395964477208,2274.596855934254,14072.03111940427,0.00015077622214399253,14072.030968628047,14072.031270180492,2,5,/private/tmp/avro2s-speed-255_nufn/work/docs/benchmarks/speed-2026-09-17/raw/after-Comparison.json
final-after,avro2s.wire.benchmarks.ComparisonBenchmark.javaPrimitivesWrite,string-unicode,"{""profile"": ""string-unicode""}",javaPrimitivesWrite,1889.9361156851642,10.13394283696892,1879.8021728481951,1900.0700585221332,6688.025903625891,0.0001739829225237135,6688.025729642969,6688.0260776088135,2,5,/private/tmp/avro2s-speed-255_nufn/work/docs/benchmarks/speed-2026-09-17/raw/after-Comparison.json
final-after,avro2s.wire.benchmarks.ComparisonBenchmark.javaSpecificRead,string-unicode,"{""profile"": ""string-unicode""}",javaSpecificRead,148.9834798755503,0.6372082712231262,148.34627160432717,149.62068814677343,3024.002033005957,1.7983306779882158e-05,3024.00201502265,3024.002050989264,2,5,/private/tmp/avro2s-speed-255_nufn/work/docs/benchmarks/speed-2026-09-17/raw/after-Comparison.json
final-after,avro2s.wire.benchmarks.ComparisonBenchmark.javaSpecificWrite,string-unicode,"{""profile"": ""string-unicode""}",javaSpecificWrite,1894.0066903879313,12.031798578651145,1881.97489180928,1906.0384889665825,6688.025732817254,0.00030300329006806753,6688.0254298139635,6688.026035820544,2,5,/private/tmp/avro2s-speed-255_nufn/work/docs/benchmarks/speed-2026-09-17/raw/after-Comparison.json
final-after,avro2s.wire.benchmarks.ComparisonBenchmark.nativeRead,string-unicode,"{""profile"": ""string-unicode""}",nativeRead,2444.7328571033363,40.17334201712927,2404.559515086207,2484.9061991204658,11144.033272940931,0.0007364674542277497,11144.032536473476,11144.034009408386,2,5,/private/tmp/avro2s-speed-255_nufn/work/docs/benchmarks/speed-2026-09-17/raw/after-Comparison.json
final-after,avro2s.wire.benchmarks.ComparisonBenchmark.nativeWrite,string-unicode,"{""profile"": ""string-unicode""}",nativeWrite,2003.3305261111498,21.82035461840683,1981.510171492743,2025.1508807295565,6688.027135756948,0.0003150891610959301,6688.026820667787,6688.027450846109,2,5,/private/tmp/avro2s-speed-255_nufn/work/docs/benchmarks/speed-2026-09-17/raw/after-Comparison.json
final-after,avro2s.wire.benchmarks.ComparisonBenchmark.avro2sRead,bytes,"{""profile"": ""bytes""}",avro2sRead,369.19643754906775,20.86369197393168,348.3327455751361,390.06012952299943,8428.005077761192,44.62213346460757,8383.382944296585,8472.6272112258,2,5,/private/tmp/avro2s-speed-255_nufn/work/docs/benchmarks/speed-2026-09-17/raw/after-Comparison.json
final-after,avro2s.wire.benchmarks.ComparisonBenchmark.avro2sWrite,bytes,"{""profile"": ""bytes""}",avro2sWrite,339.31695846995643,5.082209534389053,334.2347489355674,344.3991680043455,4224.004670935854,6.922165637556893e-05,4224.004601714198,4224.00474015751,2,5,/private/tmp/avro2s-speed-255_nufn/work/docs/benchmarks/speed-2026-09-17/raw/after-Comparison.json
final-after,avro2s.wire.benchmarks.ComparisonBenchmark.javaCustomRead,bytes,"{""profile"": ""bytes""}",javaCustomRead,270.33468886369695,7.712540771924241,262.6221480917727,278.0472296356212,4352.003710703908,9.870925180547466e-05,4352.003611994656,4352.00380941316,2,5,/private/tmp/avro2s-speed-255_nufn/work/docs/benchmarks/speed-2026-09-17/raw/after-Comparison.json
final-after,avro2s.wire.benchmarks.ComparisonBenchmark.javaCustomWrite,bytes,"{""profile"": ""bytes""}",javaCustomWrite,321.20336478257656,11.833069758757313,309.37029502381927,333.03643454133385,4112.004404212035,0.00015739775538967365,4112.00424681428,4112.0045616097905,2,5,/private/tmp/avro2s-speed-255_nufn/work/docs/benchmarks/speed-2026-09-17/raw/after-Comparison.json
final-after,avro2s.wire.benchmarks.ComparisonBenchmark.javaGenericRead,bytes,"{""profile"": ""bytes""}",javaGenericRead,259.6239870906013,10.59393564284992,249.0300514477514,270.21792273345125,4360.003562074011,0.00013885774250470718,4360.003423216269,4360.003700931753,2,5,/private/tmp/avro2s-speed-255_nufn/work/docs/benchmarks/speed-2026-09-17/raw/after-Comparison.json
final-after,avro2s.wire.benchmarks.ComparisonBenchmark.javaGenericWrite,bytes,"{""profile"": ""bytes""}",javaGenericWrite,342.725241914872,11.373000203949388,331.3522417109226,354.0982421188214,4168.004700532192,0.00015523152151056632,4168.0045453006705,4168.004855763714,2,5,/private/tmp/avro2s-speed-255_nufn/work/docs/benchmarks/speed-2026-09-17/raw/after-Comparison.json
final-after,avro2s.wire.benchmarks.ComparisonBenchmark.javaPrimitivesRead,bytes,"{""profile"": ""bytes""}",javaPrimitivesRead,327.174805599799,3.4904135697540393,323.684392030045,330.66521916955304,8400.004494264473,5.729812867479885e-05,8400.004436966345,8400.0045515626,2,5,/private/tmp/avro2s-speed-255_nufn/work/docs/benchmarks/speed-2026-09-17/raw/after-Comparison.json
final-after,avro2s.wire.benchmarks.ComparisonBenchmark.javaPrimitivesWrite,bytes,"{""profile"": ""bytes""}",javaPrimitivesWrite,123.51527199906343,4.575199636201602,118.94007236286183,128.09047163526503,0.0016792631313487434,6.379538412000103e-05,0.0016154677472287424,0.0017430585154687443,2,5,/private/tmp/avro2s-speed-255_nufn/work/docs/benchmarks/speed-2026-09-17/raw/after-Comparison.json
final-after,avro2s.wire.benchmarks.ComparisonBenchmark.javaSpecificRead,bytes,"{""profile"": ""bytes""}",javaSpecificRead,251.7395151573497,1.0322406315461967,250.7072745258035,252.7717557888959,4328.003425352201,3.16900618775132e-05,4328.0033936621385,4328.003457042263,2,5,/private/tmp/avro2s-speed-255_nufn/work/docs/benchmarks/speed-2026-09-17/raw/after-Comparison.json
final-after,avro2s.wire.benchmarks.ComparisonBenchmark.javaSpecificWrite,bytes,"{""profile"": ""bytes""}",javaSpecificWrite,333.0616570591274,11.190476731722383,321.87118032740506,344.25213379084977,4140.0045162962915,44.62200138607786,4095.3825149102136,4184.626517682369,2,5,/private/tmp/avro2s-speed-255_nufn/work/docs/benchmarks/speed-2026-09-17/raw/after-Comparison.json
final-after,avro2s.wire.benchmarks.ComparisonBenchmark.nativeRead,bytes,"{""profile"": ""bytes""}",nativeRead,163.8837170611338,13.364471631787852,150.51924542934594,177.24818869292167,4192.002233088501,0.0001856292520282243,4192.002047459249,4192.002418717753,2,5,/private/tmp/avro2s-speed-255_nufn/work/docs/benchmarks/speed-2026-09-17/raw/after-Comparison.json
final-after,avro2s.wire.benchmarks.ComparisonBenchmark.nativeWrite,bytes,"{""profile"": ""bytes""}",nativeWrite,90.0213641457922,13.522386322669254,76.49897782312296,103.54375046846145,0.001210412234691973,0.00017946108366229308,0.0010309511510296799,0.0013898733183542661,2,5,/private/tmp/avro2s-speed-255_nufn/work/docs/benchmarks/speed-2026-09-17/raw/after-Comparison.json
final-after,avro2s.wire.benchmarks.ComparisonBenchmark.avro2sRead,collections-empty,"{""profile"": ""collections-empty""}",avro2sRead,65.45796999142165,0.9047513579730603,64.5532186334486,66.3627213493947,424.00090131137347,1.4438863146260732e-05,424.0008868725103,424.00091575023663,2,5,/private/tmp/avro2s-speed-255_nufn/work/docs/benchmarks/speed-2026-09-17/raw/after-Comparison.json
final-after,avro2s.wire.benchmarks.ComparisonBenchmark.avro2sWrite,collections-empty,"{""profile"": ""collections-empty""}",avro2sWrite,48.168182777806564,0.8992497923281912,47.26893298547837,49.067432570134756,152.00066041281409,1.3558394306071335e-05,152.00064685441978,152.00067397120839,2,5,/private/tmp/avro2s-speed-255_nufn/work/docs/benchmarks/speed-2026-09-17/raw/after-Comparison.json
final-after,avro2s.wire.benchmarks.ComparisonBenchmark.javaCustomRead,collections-empty,"{""profile"": ""collections-empty""}",javaCustomRead,82.60040056528894,6.335270773999304,76.26512979128964,88.93567133928823,344.0011353398967,8.685920145318531e-05,344.0010484806952,344.00122219909815,2,5,/private/tmp/avro2s-speed-255_nufn/work/docs/benchmarks/speed-2026-09-17/raw/after-Comparison.json
final-after,avro2s.wire.benchmarks.ComparisonBenchmark.javaCustomWrite,collections-empty,"{""profile"": ""collections-empty""}",javaCustomWrite,28.901560506633864,0.4464181855575505,28.455142321076313,29.347978692191415,0.0003923117796750619,7.055647869723221e-06,0.00038525613180533867,0.0003993674275447851,2,5,/private/tmp/avro2s-speed-255_nufn/work/docs/benchmarks/speed-2026-09-17/raw/after-Comparison.json
final-after,avro2s.wire.benchmarks.ComparisonBenchmark.javaGenericRead,collections-empty,"{""profile"": ""collections-empty""}",javaGenericRead,66.2970369179935,0.8062351499853971,65.4908017680081,67.10327206797889,344.0009084730751,1.0328536405608069e-05,344.0008981445387,344.00091880161153,2,5,/private/tmp/avro2s-speed-255_nufn/work/docs/benchmarks/speed-2026-09-17/raw/after-Comparison.json
final-after,avro2s.wire.benchmarks.ComparisonBenchmark.javaGenericWrite,collections-empty,"{""profile"": ""collections-empty""}",javaGenericWrite,31.791907708758924,0.7557149598111539,31.03619274894777,32.54762266857008,0.0004319494576127007,1.010240554792637e-05,0.00042184705206477435,0.00044205186316062707,2,5,/private/tmp/avro2s-speed-255_nufn/work/docs/benchmarks/speed-2026-09-17/raw/after-Comparison.json
final-after,avro2s.wire.benchmarks.ComparisonBenchmark.javaPrimitivesRead,collections-empty,"{""profile"": ""collections-empty""}",javaPrimitivesRead,30.227851487767744,1.9155548948425052,28.31229659292524,32.14340638261025,256.0004147538074,2.5823994041180356e-05,256.0003889298133,256.00044057780144,2,5,/private/tmp/avro2s-speed-255_nufn/work/docs/benchmarks/speed-2026-09-17/raw/after-Comparison.json
final-after,avro2s.wire.benchmarks.ComparisonBenchmark.javaPrimitivesWrite,collections-empty,"{""profile"": ""collections-empty""}",javaPrimitivesWrite,28.841117148186903,0.3593244060390061,28.481792742147896,29.20044155422591,0.0003910621848033136,7.2277949786295e-06,0.00038383438982468414,0.0003982899797819431,2,5,/private/tmp/avro2s-speed-255_nufn/work/docs/benchmarks/speed-2026-09-17/raw/after-Comparison.json
final-after,avro2s.wire.benchmarks.ComparisonBenchmark.javaSpecificRead,collections-empty,"{""profile"": ""collections-empty""}",javaSpecificRead,42.55108970266011,0.25265302122759326,42.29843668143251,42.8037427238877,320.0005779002201,5.0232953694430485e-06,320.0005728769247,320.0005829235155,2,5,/private/tmp/avro2s-speed-255_nufn/work/docs/benchmarks/speed-2026-09-17/raw/after-Comparison.json
final-after,avro2s.wire.benchmarks.ComparisonBenchmark.javaSpecificWrite,collections-empty,"{""profile"": ""collections-empty""}",javaSpecificWrite,31.448536193311234,0.17818576775176423,31.27035042555947,31.626721961062998,0.00042439707616371376,5.914787986181729e-06,0.00041848228817753204,0.0004303118641498955,2,5,/private/tmp/avro2s-speed-255_nufn/work/docs/benchmarks/speed-2026-09-17/raw/after-Comparison.json
final-after,avro2s.wire.benchmarks.ComparisonBenchmark.nativeRead,collections-empty,"{""profile"": ""collections-empty""}",nativeRead,6.692194375497988,0.10878219410040041,6.583412181397588,6.800976569598388,72.00009166902224,1.2248037836500423e-06,72.00009044421846,72.00009289382602,2,5,/private/tmp/avro2s-speed-255_nufn/work/docs/benchmarks/speed-2026-09-17/raw/after-Comparison.json
final-after,avro2s.wire.benchmarks.ComparisonBenchmark.nativeWrite,collections-empty,"{""profile"": ""collections-empty""}",nativeWrite,4.095485331898795,0.02709404400430705,4.068391287894488,4.1225793759031015,5.506838190073957e-05,2.908597943738322e-07,5.477752210636574e-05,5.53592416951134e-05,2,5,/private/tmp/avro2s-speed-255_nufn/work/docs/benchmarks/speed-2026-09-17/raw/after-Comparison.json
final-after,avro2s.wire.benchmarks.ComparisonBenchmark.avro2sRead,collections-full,"{""profile"": ""collections-full""}",avro2sRead,16282.230359023373,234.4158837295819,16047.814475293791,16516.646242752955,51800.22516183319,0.004579469416272758,51800.22058236377,51800.2297413026,2,5,/private/tmp/avro2s-speed-255_nufn/work/docs/benchmarks/speed-2026-09-17/raw/after-Comparison.json
final-after,avro2s.wire.benchmarks.ComparisonBenchmark.avro2sWrite,collections-full,"{""profile"": ""collections-full""}",avro2sWrite,4185.81960110993,141.29447543217674,4044.5251256777533,4327.114076542107,11480.057361604417,25.4999988996953,11454.557362704722,11505.557360504112,2,5,/private/tmp/avro2s-speed-255_nufn/work/docs/benchmarks/speed-2026-09-17/raw/after-Comparison.json
final-after,avro2s.wire.benchmarks.ComparisonBenchmark.javaCustomRead,collections-full,"{""profile"": ""collections-full""}",javaCustomRead,4619.5252303121115,205.77730977467877,4413.747920537433,4825.30254008679,11864.063383643235,0.002831336131859957,11864.060552307103,11864.066214979368,2,5,/private/tmp/avro2s-speed-255_nufn/work/docs/benchmarks/speed-2026-09-17/raw/after-Comparison.json
final-after,avro2s.wire.benchmarks.ComparisonBenchmark.javaCustomWrite,collections-full,"{""profile"": ""collections-full""}",javaCustomWrite,2245.9310803322614,44.08450835817765,2201.846571974084,2290.015588690439,5120.030762406711,0.0006391013582051692,5120.030123305352,5120.031401508069,2,5,/private/tmp/avro2s-speed-255_nufn/work/docs/benchmarks/speed-2026-09-17/raw/after-Comparison.json
final-after,avro2s.wire.benchmarks.ComparisonBenchmark.javaGenericRead,collections-full,"{""profile"": ""collections-full""}",javaGenericRead,3072.303963166366,103.19986320728339,2969.1040999590828,3175.503826373649,12360.042149883868,0.0013444452348358145,12360.040805438633,12360.043494329102,2,5,/private/tmp/avro2s-speed-255_nufn/work/docs/benchmarks/speed-2026-09-17/raw/after-Comparison.json
final-after,avro2s.wire.benchmarks.ComparisonBenchmark.javaGenericWrite,collections-full,"{""profile"": ""collections-full""}",javaGenericWrite,2601.485422413184,35.33654651403753,2566.148875899147,2636.8219689272214,5136.035607752102,25.49799111308431,5110.537616639018,5161.533598865186,2,5,/private/tmp/avro2s-speed-255_nufn/work/docs/benchmarks/speed-2026-09-17/raw/after-Comparison.json
final-after,avro2s.wire.benchmarks.ComparisonBenchmark.javaPrimitivesRead,collections-full,"{""profile"": ""collections-full""}",javaPrimitivesRead,10032.413072394846,101.54782967711598,9930.86524271773,10133.960902071962,23688.13760845495,0.0015654524346999047,23688.136043002512,23688.139173907384,2,5,/private/tmp/avro2s-speed-255_nufn/work/docs/benchmarks/speed-2026-09-17/raw/after-Comparison.json
final-after,avro2s.wire.benchmarks.ComparisonBenchmark.javaPrimitivesWrite,collections-full,"{""profile"": ""collections-full""}",javaPrimitivesWrite,2506.6070445888936,85.59916874574603,2421.0078758431478,2592.2062133346394,5216.034024216197,0.0011706322742898224,5216.0328535839235,5216.035194848471,2,5,/private/tmp/avro2s-speed-255_nufn/work/docs/benchmarks/speed-2026-09-17/raw/after-Comparison.json
final-after,avro2s.wire.benchmarks.ComparisonBenchmark.javaSpecificRead,collections-full,"{""profile"": ""collections-full""}",javaSpecificRead,3053.065073653432,59.15702990724012,2993.908043746192,3112.222103560672,12336.041578094178,0.0011443434743218994,12336.040433750704,12336.042722437653,2,5,/private/tmp/avro2s-speed-255_nufn/work/docs/benchmarks/speed-2026-09-17/raw/after-Comparison.json
final-after,avro2s.wire.benchmarks.ComparisonBenchmark.javaSpecificWrite,collections-full,"{""profile"": ""collections-full""}",javaSpecificWrite,2588.63673864219,19.106929593291554,2569.529809048898,2607.7436682354814,5120.0351998378155,0.0004801040965468987,5120.034719733719,5120.035679941912,2,5,/private/tmp/avro2s-speed-255_nufn/work/docs/benchmarks/speed-2026-09-17/raw/after-Comparison.json
final-after,avro2s.wire.benchmarks.ComparisonBenchmark.nativeRead,collections-full,"{""profile"": ""collections-full""}",nativeRead,8302.186021743324,40.77368157842274,8261.412340164901,8342.959703321747,23512.112761002216,0.0010399934225844576,23512.111721008794,23512.113800995638,2,5,/private/tmp/avro2s-speed-255_nufn/work/docs/benchmarks/speed-2026-09-17/raw/after-Comparison.json
final-after,avro2s.wire.benchmarks.ComparisonBenchmark.nativeWrite,collections-full,"{""profile"": ""collections-full""}",nativeWrite,1711.4961224859148,18.05947974807389,1693.4366427378409,1729.5556022339888,96.02305753411505,0.0002459187656243255,96.02281161534943,96.02330345288068,2,5,/private/tmp/avro2s-speed-255_nufn/work/docs/benchmarks/speed-2026-09-17/raw/after-Comparison.json
final-after,avro2s.wire.benchmarks.ComparisonBenchmark.avro2sRead,enum-fixed,"{""profile"": ""enum-fixed""}",avro2sRead,1828.58960918399,20.625765519333555,1807.9638436646565,1849.2153747033235,4864.025140859167,0.0003767339394217751,4864.024764125227,4864.025517593106,2,5,/private/tmp/avro2s-speed-255_nufn/work/docs/benchmarks/speed-2026-09-17/raw/after-Comparison.json
final-after,avro2s.wire.benchmarks.ComparisonBenchmark.avro2sWrite,enum-fixed,"{""profile"": ""enum-fixed""}",avro2sWrite,1026.7298225881786,102.7818606923008,923.9479618958778,1129.5116832804795,2184.0140783676998,114.74053128578956,2069.2735470819102,2298.7546096534893,2,5,/private/tmp/avro2s-speed-255_nufn/work/docs/benchmarks/speed-2026-09-17/raw/after-Comparison.json
final-after,avro2s.wire.benchmarks.ComparisonBenchmark.javaCustomRead,enum-fixed,"{""profile"": ""enum-fixed""}",javaCustomRead,1712.7343057114326,146.68118943769457,1566.053116273738,1859.4154951491273,3232.023482898793,0.001975101599793861,3232.0215077971934,3232.025458000393,2,5,/private/tmp/avro2s-speed-255_nufn/work/docs/benchmarks/speed-2026-09-17/raw/after-Comparison.json
final-after,avro2s.wire.benchmarks.ComparisonBenchmark.javaCustomWrite,enum-fixed,"{""profile"": ""enum-fixed""}",javaCustomWrite,181.95757070266694,6.790718512498548,175.16685219016838,188.7482892151655,0.0024736334424359093,9.274377897501595e-05,0.0023808896634608936,0.002566377221410925,2,5,/private/tmp/avro2s-speed-255_nufn/work/docs/benchmarks/speed-2026-09-17/raw/after-Comparison.json
final-after,avro2s.wire.benchmarks.ComparisonBenchmark.javaGenericRead,enum-fixed,"{""profile"": ""enum-fixed""}",javaGenericRead,822.5656333799725,3.288530598106645,819.2771027818659,825.8541639780791,2440.0112740915292,5.8460871382994873e-05,2440.0112156306577,2440.0113325524007,2,5,/private/tmp/avro2s-speed-255_nufn/work/docs/benchmarks/speed-2026-09-17/raw/after-Comparison.json
final-after,avro2s.wire.benchmarks.ComparisonBenchmark.javaGenericWrite,enum-fixed,"{""profile"": ""enum-fixed""}",javaGenericWrite,522.1916754040373,16.01058242613882,506.18109297789846,538.2022578301761,0.0070876739971473465,0.00021998051443756673,0.0068676934827097795,0.0073076545115849136,2,5,/private/tmp/avro2s-speed-255_nufn/work/docs/benchmarks/speed-2026-09-17/raw/after-Comparison.json
final-after,avro2s.wire.benchmarks.ComparisonBenchmark.javaPrimitivesRead,enum-fixed,"{""profile"": ""enum-fixed""}",javaPrimitivesRead,424.5446548490013,49.24732431937225,375.29733052962905,473.79197916837353,2776.005779072097,0.0006444081450758739,2776.005134663952,2776.006423480242,2,5,/private/tmp/avro2s-speed-255_nufn/work/docs/benchmarks/speed-2026-09-17/raw/after-Comparison.json
final-after,avro2s.wire.benchmarks.ComparisonBenchmark.javaPrimitivesWrite,enum-fixed,"{""profile"": ""enum-fixed""}",javaPrimitivesWrite,182.90042830346292,2.717626551767415,180.1828017516955,185.61805485523033,0.0024649956153307076,3.355338628567831e-05,0.0024314422290450293,0.002498549001616386,2,5,/private/tmp/avro2s-speed-255_nufn/work/docs/benchmarks/speed-2026-09-17/raw/after-Comparison.json
final-after,avro2s.wire.benchmarks.ComparisonBenchmark.javaSpecificRead,enum-fixed,"{""profile"": ""enum-fixed""}",javaSpecificRead,1076.3658556410346,10.518464134463311,1065.8473915065713,1086.884319775498,2944.0146168685314,0.0001681528011642942,2944.0144487157304,2944.0147850213325,2,5,/private/tmp/avro2s-speed-255_nufn/work/docs/benchmarks/speed-2026-09-17/raw/after-Comparison.json
final-after,avro2s.wire.benchmarks.ComparisonBenchmark.javaSpecificWrite,enum-fixed,"{""profile"": ""enum-fixed""}",javaSpecificWrite,432.7134346921627,7.9700839383959226,424.7433507537668,440.68351863055864,32.00582636924148,50.99650375395328,-18.990677384711795,83.00233012319475,2,5,/private/tmp/avro2s-speed-255_nufn/work/docs/benchmarks/speed-2026-09-17/raw/after-Comparison.json
final-after,avro2s.wire.benchmarks.ComparisonBenchmark.nativeRead,enum-fixed,"{""profile"": ""enum-fixed""}",nativeRead,369.3642503293735,2.67773162936261,366.6865187000109,372.0419819587361,2688.005013083703,4.481651810054837e-05,2688.0049682671847,2688.0050579002213,2,5,/private/tmp/avro2s-speed-255_nufn/work/docs/benchmarks/speed-2026-09-17/raw/after-Comparison.json
final-after,avro2s.wire.benchmarks.ComparisonBenchmark.nativeWrite,enum-fixed,"{""profile"": ""enum-fixed""}",nativeWrite,139.24053047517398,1.4137491689409383,137.82678130623304,140.65427964411492,0.0018804359580812714,2.320805400968503e-05,0.0018572279040715864,0.0019036440120909564,2,5,/private/tmp/avro2s-speed-255_nufn/work/docs/benchmarks/speed-2026-09-17/raw/after-Comparison.json
final-after,avro2s.wire.benchmarks.ComparisonBenchmark.avro2sRead,numerics,"{""profile"": ""numerics""}",avro2sRead,6626.529416775496,31.368471845036808,6595.16094493046,6657.897888620533,23224.091250117308,0.0005350323682881871,23224.090715084938,23224.091785149678,2,5,/private/tmp/avro2s-speed-255_nufn/work/docs/benchmarks/speed-2026-09-17/raw/after-Comparison.json
final-after,avro2s.wire.benchmarks.ComparisonBenchmark.avro2sWrite,numerics,"{""profile"": ""numerics""}",avro2sWrite,5696.589736912428,23.765426560317827,5672.82431035211,5720.3551634727455,17640.078066605853,0.0004590728129726898,17640.07760753304,17640.078525678666,2,5,/private/tmp/avro2s-speed-255_nufn/work/docs/benchmarks/speed-2026-09-17/raw/after-Comparison.json
final-after,avro2s.wire.benchmarks.ComparisonBenchmark.javaCustomRead,numerics,"{""profile"": ""numerics""}",javaCustomRead,6674.352442116753,874.1800613003793,5800.172380816373,7548.532503417133,7048.09150691619,0.011845256971455803,7048.079661659219,7048.1033521731615,2,5,/private/tmp/avro2s-speed-255_nufn/work/docs/benchmarks/speed-2026-09-17/raw/after-Comparison.json
final-after,avro2s.wire.benchmarks.ComparisonBenchmark.javaCustomWrite,numerics,"{""profile"": ""numerics""}",javaCustomWrite,594.0743561674319,4.996178335419281,589.0781778320127,599.0705345028512,0.008052312660082179,7.66263770826499e-05,0.00797568628299953,0.008128939037164828,2,5,/private/tmp/avro2s-speed-255_nufn/work/docs/benchmarks/speed-2026-09-17/raw/after-Comparison.json
final-after,avro2s.wire.benchmarks.ComparisonBenchmark.javaGenericRead,numerics,"{""profile"": ""numerics""}",javaGenericRead,2460.8560399389235,13.394573971819256,2447.4614659671042,2474.2506139107427,7088.033737158852,0.0002283323821990752,7088.03350882647,7088.033965491234,2,5,/private/tmp/avro2s-speed-255_nufn/work/docs/benchmarks/speed-2026-09-17/raw/after-Comparison.json
final-after,avro2s.wire.benchmarks.ComparisonBenchmark.javaGenericWrite,numerics,"{""profile"": ""numerics""}",javaGenericWrite,1898.7429123526206,19.65627268124443,1879.0866396713761,1918.399185033865,0.025820403348238135,0.00033485229357028203,0.025485551054667852,0.026155255641808418,2,5,/private/tmp/avro2s-speed-255_nufn/work/docs/benchmarks/speed-2026-09-17/raw/after-Comparison.json
final-after,avro2s.wire.benchmarks.ComparisonBenchmark.javaPrimitivesRead,numerics,"{""profile"": ""numerics""}",javaPrimitivesRead,1657.79406931675,57.53985252149739,1600.2542167952527,1715.3339218382473,7856.022741749339,0.0007713980107647173,7856.0219703513285,7856.023513147349,2,5,/private/tmp/avro2s-speed-255_nufn/work/docs/benchmarks/speed-2026-09-17/raw/after-Comparison.json
final-after,avro2s.wire.benchmarks.ComparisonBenchmark.javaPrimitivesWrite,numerics,"{""profile"": ""numerics""}",javaPrimitivesWrite,555.470701962792,7.2329663760778296,548.2377355867142,562.7036683388698,0.007491965576281412,0.00015465010088604213,0.00733731547539537,0.007646615677167454,2,5,/private/tmp/avro2s-speed-255_nufn/work/docs/benchmarks/speed-2026-09-17/raw/after-Comparison.json
final-after,avro2s.wire.benchmarks.ComparisonBenchmark.javaSpecificRead,numerics,"{""profile"": ""numerics""}",javaSpecificRead,2476.746835168133,17.31338674106803,2459.4334484270653,2494.060221909201,7064.033661563704,0.0003439834226672365,7064.033317580282,7064.034005547127,2,5,/private/tmp/avro2s-speed-255_nufn/work/docs/benchmarks/speed-2026-09-17/raw/after-Comparison.json
final-after,avro2s.wire.benchmarks.ComparisonBenchmark.javaSpecificWrite,numerics,"{""profile"": ""numerics""}",javaSpecificWrite,1895.631465141102,15.270816479379516,1880.3606486617223,1910.9022816204815,40.02563513385925,0.00026746380952040504,40.025367670049725,40.02590259766877,2,5,/private/tmp/avro2s-speed-255_nufn/work/docs/benchmarks/speed-2026-09-17/raw/after-Comparison.json
final-after,avro2s.wire.benchmarks.ComparisonBenchmark.nativeRead,numerics,"{""profile"": ""numerics""}",nativeRead,1169.3184038390787,9.898828823984086,1159.4195750150946,1179.2172326630628,7800.015926262172,0.00020434471465708814,7800.015721917457,7800.016130606887,2,5,/private/tmp/avro2s-speed-255_nufn/work/docs/benchmarks/speed-2026-09-17/raw/after-Comparison.json
final-after,avro2s.wire.benchmarks.ComparisonBenchmark.nativeWrite,numerics,"{""profile"": ""numerics""}",nativeWrite,326.78764529326315,5.623894758692302,321.16375053457085,332.41154005195546,0.004402146458395233,7.832857737361134e-05,0.004323817881021622,0.004480475035768845,2,5,/private/tmp/avro2s-speed-255_nufn/work/docs/benchmarks/speed-2026-09-17/raw/after-Comparison.json
final-after,avro2s.wire.benchmarks.NestedComparisonBenchmark.avro2sRead,nested,{},avro2sRead,3429.826685067254,38.56217959838625,3391.264505468868,3468.38886466564,13176.046821491056,0.0009336924795493444,13176.045887798577,13176.047755183536,2,5,/private/tmp/avro2s-speed-255_nufn/work/docs/benchmarks/speed-2026-09-17/raw/after-NestedComparison.json
final-after,avro2s.wire.benchmarks.NestedComparisonBenchmark.avro2sWrite,nested,{},avro2sWrite,3592.7361801573693,60.13161812629623,3532.604562031073,3652.8677982836657,7056.048792870325,0.0010480721746975758,7056.04774479815,7056.0498409425,2,5,/private/tmp/avro2s-speed-255_nufn/work/docs/benchmarks/speed-2026-09-17/raw/after-NestedComparison.json
final-after,avro2s.wire.benchmarks.NestedComparisonBenchmark.javaGenericRead,nested,{},javaGenericRead,2949.8490754557715,175.69549693057996,2774.1535785251917,3125.5445723863513,4912.040046205426,0.0025045527583931067,4912.037541652668,4912.042550758184,2,5,/private/tmp/avro2s-speed-255_nufn/work/docs/benchmarks/speed-2026-09-17/raw/after-NestedComparison.json
final-after,avro2s.wire.benchmarks.NestedComparisonBenchmark.javaGenericWrite,nested,{},javaGenericWrite,2008.2706857021865,63.42666437017497,1944.8440213320116,2071.6973500723616,1128.0271557287888,0.0008721376301931656,1128.0262835911585,1128.028027866419,2,5,/private/tmp/avro2s-speed-255_nufn/work/docs/benchmarks/speed-2026-09-17/raw/after-NestedComparison.json
final-after,avro2s.wire.benchmarks.NestedComparisonBenchmark.javaPrimitivesRead,nested,{},javaPrimitivesRead,1356.2322829844347,40.57728494955469,1315.65499803488,1396.8095679339895,9432.018444325946,0.0005328079688461196,9432.017911517976,9432.018977133916,2,5,/private/tmp/avro2s-speed-255_nufn/work/docs/benchmarks/speed-2026-09-17/raw/after-NestedComparison.json
final-after,avro2s.wire.benchmarks.NestedComparisonBenchmark.javaPrimitivesWrite,nested,{},javaPrimitivesWrite,1218.6590215876035,218.76922665730936,999.8897949302942,1437.428248244913,1288.0165248805788,0.002948224780768412,1288.013576655798,1288.0194731053596,2,5,/private/tmp/avro2s-speed-255_nufn/work/docs/benchmarks/speed-2026-09-17/raw/after-NestedComparison.json
final-after,avro2s.wire.benchmarks.NestedComparisonBenchmark.javaSpecificRead,nested,{},javaSpecificRead,2186.0360390171904,103.52404818937151,2082.511990827819,2289.560087206562,4192.029707024965,0.00142866426297387,4192.028278360703,4192.031135689228,2,5,/private/tmp/avro2s-speed-255_nufn/work/docs/benchmarks/speed-2026-09-17/raw/after-NestedComparison.json
final-after,avro2s.wire.benchmarks.NestedComparisonBenchmark.javaSpecificWrite,nested,{},javaSpecificWrite,2053.3535425857285,95.25420570422108,1958.0993368815075,2148.6077482899495,1488.0278239173504,0.001292075639781017,1488.0265318417105,1488.0291159929902,2,5,/private/tmp/avro2s-speed-255_nufn/work/docs/benchmarks/speed-2026-09-17/raw/after-NestedComparison.json
final-after,avro2s.wire.benchmarks.NestedComparisonBenchmark.nativeRead,nested,{},nativeRead,1172.4797240388937,18.717349183316642,1153.762374855577,1191.1970732222103,9920.015902668343,0.00025814482204689206,9920.01564452352,9920.016160813166,2,5,/private/tmp/avro2s-speed-255_nufn/work/docs/benchmarks/speed-2026-09-17/raw/after-NestedComparison.json
final-after,avro2s.wire.benchmarks.NestedComparisonBenchmark.nativeWrite,nested,{},nativeWrite,651.3146111483744,21.052319248473093,630.2622918999014,672.3669303968475,160.00876591816788,0.00028718858590171177,160.00847872958198,160.00905310675378,2,5,/private/tmp/avro2s-speed-255_nufn/work/docs/benchmarks/speed-2026-09-17/raw/after-NestedComparison.json
final-after,avro2s.wire.benchmarks.LogicalComparisonBenchmark.avro2sRead,logical,{},avro2sRead,227.593581787024,1.2356783209271425,226.35790346609684,228.82926010795114,1008.0031081619958,2.3445663851640925e-05,1008.003084716332,1008.0031316076596,2,5,/private/tmp/avro2s-speed-255_nufn/work/docs/benchmarks/speed-2026-09-17/raw/after-LogicalComparison.json
final-after,avro2s.wire.benchmarks.LogicalComparisonBenchmark.avro2sWrite,logical,{},avro2sWrite,190.6834936718485,2.9368230029398306,187.74667066890868,193.62031667478834,232.0025844659167,4.096836712647453e-05,232.00254349754957,232.00262543428383,2,5,/private/tmp/avro2s-speed-255_nufn/work/docs/benchmarks/speed-2026-09-17/raw/after-LogicalComparison.json
final-after,avro2s.wire.benchmarks.LogicalComparisonBenchmark.javaGenericRead,logical,{},javaGenericRead,174.81693909067417,1.6822640294532172,173.13467506122095,176.4992031201274,832.0023784798171,4.331888182056894e-05,832.0023351609353,832.002421798699,2,5,/private/tmp/avro2s-speed-255_nufn/work/docs/benchmarks/speed-2026-09-17/raw/after-LogicalComparison.json
final-after,avro2s.wire.benchmarks.LogicalComparisonBenchmark.javaGenericWrite,logical,{},javaGenericWrite,289.122764488071,2.4061192298739407,286.7166452581971,291.52888371794495,232.00391763920916,3.8293324389751396e-05,232.00387934588477,232.00395593253356,2,5,/private/tmp/avro2s-speed-255_nufn/work/docs/benchmarks/speed-2026-09-17/raw/after-LogicalComparison.json
final-after,avro2s.wire.benchmarks.LogicalComparisonBenchmark.javaPrimitivesRead,logical,{},javaPrimitivesRead,151.54573189110891,1.4146669237865381,150.13106496732237,152.96039881489546,640.0020589733085,2.2422234811215132e-05,640.0020365510737,640.0020813955433,2,5,/private/tmp/avro2s-speed-255_nufn/work/docs/benchmarks/speed-2026-09-17/raw/after-LogicalComparison.json
final-after,avro2s.wire.benchmarks.LogicalComparisonBenchmark.javaPrimitivesWrite,logical,{},javaPrimitivesWrite,92.62141665462865,1.1500116789104002,91.47140497571824,93.77142833353905,56.00126089294038,2.3568144588713986e-05,56.00123732479579,56.00128446108497,2,5,/private/tmp/avro2s-speed-255_nufn/work/docs/benchmarks/speed-2026-09-17/raw/after-LogicalComparison.json
final-after,avro2s.wire.benchmarks.LogicalComparisonBenchmark.javaSpecificRead,logical,{},javaSpecificRead,177.9742057129471,0.7998289943470785,177.17437671860003,178.7740347072942,808.0024161661739,2.3259473354329663e-05,808.0023929067006,808.0024394256473,2,5,/private/tmp/avro2s-speed-255_nufn/work/docs/benchmarks/speed-2026-09-17/raw/after-LogicalComparison.json
final-after,avro2s.wire.benchmarks.LogicalComparisonBenchmark.javaSpecificWrite,logical,{},javaSpecificWrite,191.0869000781891,1.498208276084983,189.5886918021041,192.5851083542741,232.0025984742806,3.796407159198232e-05,232.002560510209,232.0026364383522,2,5,/private/tmp/avro2s-speed-255_nufn/work/docs/benchmarks/speed-2026-09-17/raw/after-LogicalComparison.json
final-after,avro2s.wire.benchmarks.LogicalComparisonBenchmark.nativeRead,logical,{},nativeRead,127.34255647877777,1.2876981125070277,126.05485836627074,128.6302545912848,472.0017315029783,2.6415760951915378e-05,472.0017050872174,472.00175791873926,2,5,/private/tmp/avro2s-speed-255_nufn/work/docs/benchmarks/speed-2026-09-17/raw/after-LogicalComparison.json
final-after,avro2s.wire.benchmarks.LogicalComparisonBenchmark.nativeWrite,logical,{},nativeWrite,72.88265416480678,2.5321404362296485,70.35051372857713,75.41479460103643,112.00098834147904,3.4629623455422776e-05,112.00095371185559,112.0010229711025,2,5,/private/tmp/avro2s-speed-255_nufn/work/docs/benchmarks/speed-2026-09-17/raw/after-LogicalComparison.json
final-after,avro2s.wire.benchmarks.DecimalComparisonBenchmark.javaGenericRead,decimal,{},javaGenericRead,128.5057812667465,2.765247224880668,125.74053404186584,131.2710284916272,696.0017493593693,5.0264896682754407e-05,696.0016990944727,696.001799624266,2,5,/private/tmp/avro2s-speed-255_nufn/work/docs/benchmarks/speed-2026-09-17/raw/after-DecimalComparison.json
final-after,avro2s.wire.benchmarks.DecimalComparisonBenchmark.javaGenericWrite,decimal,{},javaGenericWrite,180.53576967435365,13.606917643466799,166.92885203088684,194.14268731782045,248.00245074802123,0.00019074376545873356,248.00226000425576,248.0026414917867,2,5,/private/tmp/avro2s-speed-255_nufn/work/docs/benchmarks/speed-2026-09-17/raw/after-DecimalComparison.json
final-after,avro2s.wire.benchmarks.DecimalComparisonBenchmark.javaPrimitivesRead,decimal,{},javaPrimitivesRead,92.71876496736972,0.687383861205167,92.03138110616456,93.40614882857489,680.00126061608,1.6749776080332213e-05,680.0012438663039,680.0012773658561,2,5,/private/tmp/avro2s-speed-255_nufn/work/docs/benchmarks/speed-2026-09-17/raw/after-DecimalComparison.json
final-after,avro2s.wire.benchmarks.DecimalComparisonBenchmark.javaPrimitivesWrite,decimal,{},javaPrimitivesWrite,90.09977731897968,87.70555316062982,2.394224158349857,177.8053304796095,128.0012269179749,0.0011936054096427775,128.00003331256525,128.00242052338453,2,5,/private/tmp/avro2s-speed-255_nufn/work/docs/benchmarks/speed-2026-09-17/raw/after-DecimalComparison.json
final-after,avro2s.wire.benchmarks.DecimalComparisonBenchmark.javaSpecificRead,decimal,{},javaSpecificRead,155.91718781770206,0.821018017934141,155.09616979976792,156.7382058356362,688.0021188587415,1.9220312590007273e-05,688.002099638429,688.002138079054,2,5,/private/tmp/avro2s-speed-255_nufn/work/docs/benchmarks/speed-2026-09-17/raw/after-DecimalComparison.json
final-after,avro2s.wire.benchmarks.DecimalComparisonBenchmark.javaSpecificWrite,decimal,{},javaSpecificWrite,185.8275931952437,8.679364699132243,177.14822849611147,194.50695789437594,304.00252160252256,0.00010822543459458661,304.002413377088,304.00262982795715,2,5,/private/tmp/avro2s-speed-255_nufn/work/docs/benchmarks/speed-2026-09-17/raw/after-DecimalComparison.json
final-after,avro2s.wire.benchmarks.DecimalComparisonBenchmark.nativeRead,decimal,{},nativeRead,86.58664816716355,0.5146272070461881,86.07202096011736,87.10127537420973,544.0011743283584,9.127352450483013e-06,544.001165201006,544.0011834557108,2,5,/private/tmp/avro2s-speed-255_nufn/work/docs/benchmarks/speed-2026-09-17/raw/after-DecimalComparison.json
final-after,avro2s.wire.benchmarks.DecimalComparisonBenchmark.nativeWrite,decimal,{},nativeWrite,53.23657319367694,3.4595784811089456,49.77699471256799,56.69615167478589,128.00072488574625,4.324852049369907e-05,128.00068163722577,128.00076813426674,2,5,/private/tmp/avro2s-speed-255_nufn/work/docs/benchmarks/speed-2026-09-17/raw/after-DecimalComparison.json
before-extra,avro2s.wire.benchmarks.StringBenchmark.nativeRead,ascii-long,"{""profile"": ""ascii-long""}",nativeRead,884.7671319976687,63.72070802668788,821.0464239709808,948.4878400243566,4200.02008921731,0.0013821017515979488,4200.018707115558,4200.021471319062,1,4,/private/tmp/avro2s-speed-255_nufn/work/docs/benchmarks/speed-2026-09-17/raw/before-strings-String.json
before-extra,avro2s.wire.benchmarks.StringBenchmark.nativeWrite,ascii-long,"{""profile"": ""ascii-long""}",nativeWrite,1467.1490779842593,6.63946893639776,1460.5096090478614,1473.7885469206572,0.03319820860694296,0.000704135807080326,0.03249407279986263,0.03390234441402329,1,4,/private/tmp/avro2s-speed-255_nufn/work/docs/benchmarks/speed-2026-09-17/raw/before-strings-String.json
before-extra,avro2s.wire.benchmarks.StringBenchmark.nativeDecode,ascii-short,"{""profile"": ""ascii-short""}",nativeDecode,23.307950645704675,0.8738654043027649,22.43408524140191,24.18181605000744,136.00031711517104,1.2198038829778213e-05,136.0003049171322,136.00032931320987,2,5,/private/tmp/avro2s-speed-255_nufn/work/docs/benchmarks/speed-2026-09-17/raw/before-api-String.json
before-extra,avro2s.wire.benchmarks.StringBenchmark.nativeEncode,ascii-short,"{""profile"": ""ascii-short""}",nativeEncode,35.01144880565633,0.25330257620460706,34.758146229451725,35.26475138186093,352.00047519453284,4.502965661287728e-06,352.00047069156716,352.0004796974985,2,5,/private/tmp/avro2s-speed-255_nufn/work/docs/benchmarks/speed-2026-09-17/raw/before-api-String.json
before-extra,avro2s.wire.benchmarks.StringBenchmark.nativeRead,ascii-short,"{""profile"": ""ascii-short""}",nativeRead,22.721110929275333,3.1821105174282245,19.53900041184711,25.903221446703558,136.00051734726372,7.272717989527588e-05,136.00044462008384,136.0005900744436,1,4,/private/tmp/avro2s-speed-255_nufn/work/docs/benchmarks/speed-2026-09-17/raw/before-strings-String.json
before-extra,avro2s.wire.benchmarks.StringBenchmark.nativeWrite,ascii-short,"{""profile"": ""ascii-short""}",nativeWrite,27.361225942192153,0.1691409958010601,27.19208494639109,27.530366937993215,0.0006194205516301532,3.7292946121571165e-05,0.0005821276055085821,0.0006567134977517243,1,4,/private/tmp/avro2s-speed-255_nufn/work/docs/benchmarks/speed-2026-09-17/raw/before-strings-String.json
before-extra,avro2s.wire.benchmarks.BytesBenchmark.nativeDecode,byteCount=4096,"{""byteCount"": ""4096""}",nativeDecode,161.09283404935144,0.6952264646526287,160.39760758469882,161.78806051400406,4192.002198166179,2.8753421192664856e-05,4192.002169412758,4192.002226919601,2,5,/private/tmp/avro2s-speed-255_nufn/work/docs/benchmarks/speed-2026-09-17/raw/before-api-Bytes.json
before-extra,avro2s.wire.benchmarks.BytesBenchmark.nativeEncode,byteCount=4096,"{""byteCount"": ""4096""}",nativeEncode,301.3385175145869,1.2742983745012955,300.0642191400856,302.6128158890882,8512.00410927512,3.890974626689645e-05,8512.004070365374,8512.004148184866,2,5,/private/tmp/avro2s-speed-255_nufn/work/docs/benchmarks/speed-2026-09-17/raw/before-api-Bytes.json
before-extra,avro2s.wire.benchmarks.CollectionsBenchmark.nativeDecode,collectionSize=0,"{""collectionSize"": ""0""}",nativeDecode,7.268043592731923,0.042579894889731976,7.225463697842191,7.310623487621655,72.00009866496468,7.739203851037433e-07,72.00009789104429,72.00009943888507,2,5,/private/tmp/avro2s-speed-255_nufn/work/docs/benchmarks/speed-2026-09-17/raw/before-api-Collections.json
before-extra,avro2s.wire.benchmarks.CollectionsBenchmark.nativeEncode,collectionSize=0,"{""collectionSize"": ""0""}",nativeEncode,10.238932956032347,0.09980416588532044,10.139128790147026,10.338737121917667,296.0001396683404,2.2824057999638247e-06,296.00013738593464,296.0001419507462,2,5,/private/tmp/avro2s-speed-255_nufn/work/docs/benchmarks/speed-2026-09-17/raw/before-api-Collections.json
before-extra,avro2s.wire.benchmarks.CollectionsBenchmark.nativeDecode,collectionSize=128,"{""collectionSize"": ""128""}",nativeDecode,20226.936215805275,367.1313745279112,19859.804841277364,20594.067590333187,43024.27567368943,0.005520107202112472,43024.27015358223,43024.28119379663,2,5,/private/tmp/avro2s-speed-255_nufn/work/docs/benchmarks/speed-2026-09-17/raw/before-api-Collections.json
before-extra,avro2s.wire.benchmarks.CollectionsBenchmark.nativeEncode,collectionSize=128,"{""collectionSize"": ""128""}",nativeEncode,5263.239898620237,31.787379877499777,5231.452518742737,5295.027278497737,11160.071667488355,0.0011388488356001978,11160.070528639519,11160.072806337192,2,5,/private/tmp/avro2s-speed-255_nufn/work/docs/benchmarks/speed-2026-09-17/raw/before-api-Collections.json
before-extra,avro2s.wire.benchmarks.NestedUnionBenchmark.nativeDecode,depth=1,"{""depth"": ""1""}",nativeDecode,255.2240679589924,1.1132762639501557,254.11079169504225,256.3373442229426,1904.0034648100827,1.875047011847854e-05,1904.0034460596125,1904.003483560553,2,5,/private/tmp/avro2s-speed-255_nufn/work/docs/benchmarks/speed-2026-09-17/raw/before-api-NestedUnion.json
before-extra,avro2s.wire.benchmarks.NestedUnionBenchmark.nativeEncode,depth=1,"{""depth"": ""1""}",nativeEncode,140.95270941844313,1.3480075209490898,139.60470189749404,142.30071693939223,712.0019142394292,2.607796477321273e-05,712.0018881614644,712.001940317394,2,5,/private/tmp/avro2s-speed-255_nufn/work/docs/benchmarks/speed-2026-09-17/raw/before-api-NestedUnion.json
before-extra,avro2s.wire.benchmarks.IntegerBenchmark.nativeDecode,"distribution=mixed, kind=int","{""distribution"": ""mixed"", ""kind"": ""int""}",nativeDecode,6609.041984610184,56.648013574731365,6552.3939710354525,6665.689998184916,18304.08993033454,0.001163266097418965,18304.088767068442,18304.091093600637,2,5,/private/tmp/avro2s-speed-255_nufn/work/docs/benchmarks/speed-2026-09-17/raw/before-api-Integer.json
before-extra,avro2s.wire.benchmarks.IntegerBenchmark.nativeEncode,"distribution=mixed, kind=int","{""distribution"": ""mixed"", ""kind"": ""int""}",nativeEncode,4772.805750781178,32.924676239189786,4739.881074541989,4805.730427020368,11808.064890809048,0.0005486860141283432,11808.064342123034,11808.065439495062,2,5,/private/tmp/avro2s-speed-255_nufn/work/docs/benchmarks/speed-2026-09-17/raw/before-api-Integer.json
before-extra,avro2s.wire.benchmarks.StringBenchmark.nativeDecode,emoji-long,"{""profile"": ""emoji-long""}",nativeDecode,16682.82628612967,141.04735545731546,16541.778930672357,16823.873641586986,65672.22831431651,0.004469652555936788,65672.22384466395,65672.23278396907,2,5,/private/tmp/avro2s-speed-255_nufn/work/docs/benchmarks/speed-2026-09-17/raw/before-api-String.json
before-extra,avro2s.wire.benchmarks.StringBenchmark.nativeEncode,emoji-long,"{""profile"": ""emoji-long""}",nativeEncode,9835.88507502602,53.775422069001515,9782.109652957019,9889.660497095023,33112.133817660084,0.0008508448013933702,33112.13296681528,33112.134668504885,2,5,/private/tmp/avro2s-speed-255_nufn/work/docs/benchmarks/speed-2026-09-17/raw/before-api-String.json
before-extra,avro2s.wire.benchmarks.StringBenchmark.nativeRead,emoji-long,"{""profile"": ""emoji-long""}",nativeRead,17081.033944351457,1816.0750362448025,15264.958908106655,18897.10898059626,65672.39137694545,0.06008987589461949,65672.33128706955,65672.45146682135,1,4,/private/tmp/avro2s-speed-255_nufn/work/docs/benchmarks/speed-2026-09-17/raw/before-strings-String.json
before-extra,avro2s.wire.benchmarks.StringBenchmark.nativeWrite,emoji-long,"{""profile"": ""emoji-long""}",nativeWrite,8817.617912260464,38.59213023814297,8779.025782022321,8856.210042498607,0.2008147164427904,0.011810230500765935,0.18900448594202446,0.21262494694355633,1,4,/private/tmp/avro2s-speed-255_nufn/work/docs/benchmarks/speed-2026-09-17/raw/before-strings-String.json
before-extra,avro2s.wire.benchmarks.StringBenchmark.nativeRead,emoji-short,"{""profile"": ""emoji-short""}",nativeRead,149.23373146749273,7.269810534334219,141.9639209331585,156.50354200182696,648.003408874449,0.00021714672852975512,648.0031917277204,648.0036260211775,1,4,/private/tmp/avro2s-speed-255_nufn/work/docs/benchmarks/speed-2026-09-17/raw/before-strings-String.json
before-extra,avro2s.wire.benchmarks.StringBenchmark.nativeWrite,emoji-short,"{""profile"": ""emoji-short""}",nativeWrite,83.15077597351191,6.993481956459204,76.1572940170527,90.14425792997112,0.0018752523981483522,0.0001710482069532651,0.001704204191195087,0.0020463006051016173,1,4,/private/tmp/avro2s-speed-255_nufn/work/docs/benchmarks/speed-2026-09-17/raw/before-strings-String.json
before-extra,avro2s.wire.benchmarks.StringBenchmark.nativeRead,empty,"{""profile"": ""empty""}",nativeRead,10.61890075032007,0.14512022739929722,10.473780522920771,10.764020977719367,88.00024240428588,9.137642156202003e-06,88.00023326664373,88.00025154192804,1,4,/private/tmp/avro2s-speed-255_nufn/work/docs/benchmarks/speed-2026-09-17/raw/before-strings-String.json
before-extra,avro2s.wire.benchmarks.StringBenchmark.nativeWrite,empty,"{""profile"": ""empty""}",nativeWrite,4.53797820963182,0.062244775919043184,4.475733433712777,4.600222985550864,0.0001022815906270568,5.035754798959676e-06,9.724583582809713e-05,0.00010731734542601647,1,4,/private/tmp/avro2s-speed-255_nufn/work/docs/benchmarks/speed-2026-09-17/raw/before-strings-String.json
before-extra,avro2s.wire.benchmarks.StringBenchmark.nativeRead,latin1-long,"{""profile"": ""latin1-long""}",nativeRead,5352.72728717642,394.59383730939624,4958.133449867024,5747.321124485816,12408.12158306709,0.007943351465551174,12408.113639715624,12408.129526418556,1,4,/private/tmp/avro2s-speed-255_nufn/work/docs/benchmarks/speed-2026-09-17/raw/before-strings-String.json
before-extra,avro2s.wire.benchmarks.StringBenchmark.nativeWrite,latin1-long,"{""profile"": ""latin1-long""}",nativeWrite,4190.479813444203,11.901967917177732,4178.577845527025,4202.3817813613805,0.09458441687279998,0.0037788610382492355,0.09080555583455074,0.09836327791104921,1,4,/private/tmp/avro2s-speed-255_nufn/work/docs/benchmarks/speed-2026-09-17/raw/before-strings-String.json
before-extra,avro2s.wire.benchmarks.StringBenchmark.nativeRead,latin1-short,"{""profile"": ""latin1-short""}",nativeRead,81.05051835546585,9.455520386479225,71.59499796898663,90.50603874194508,216.00184258051974,0.00018236703848845332,216.00166021348124,216.00202494755823,1,4,/private/tmp/avro2s-speed-255_nufn/work/docs/benchmarks/speed-2026-09-17/raw/before-strings-String.json
before-extra,avro2s.wire.benchmarks.StringBenchmark.nativeWrite,latin1-short,"{""profile"": ""latin1-short""}",nativeWrite,44.518889787029714,1.414539002684241,43.10435078434547,45.93342878971396,0.00100244337791717,3.441378517636991e-05,0.0009680295927408,0.00103685716309354,1,4,/private/tmp/avro2s-speed-255_nufn/work/docs/benchmarks/speed-2026-09-17/raw/before-strings-String.json
before-extra,avro2s.wire.benchmarks.StringBenchmark.nativeRead,multilingual-long,"{""profile"": ""multilingual-long""}",nativeRead,14882.318586170919,162.59621629475583,14719.722369876163,15044.914802465675,39048.34026233147,0.016515422049721794,39048.32374690942,39048.35677775352,1,4,/private/tmp/avro2s-speed-255_nufn/work/docs/benchmarks/speed-2026-09-17/raw/before-strings-String.json
before-extra,avro2s.wire.benchmarks.StringBenchmark.nativeWrite,multilingual-long,"{""profile"": ""multilingual-long""}",nativeWrite,9524.673447065732,74.86935996162241,9449.80408710411,9599.542807027354,0.21609594537518861,0.009278323011535639,0.20681762236365298,0.22537426838672425,1,4,/private/tmp/avro2s-speed-255_nufn/work/docs/benchmarks/speed-2026-09-17/raw/before-strings-String.json
before-extra,avro2s.wire.benchmarks.StringBenchmark.nativeRead,multilingual-short,"{""profile"": ""multilingual-short""}",nativeRead,141.14810268820565,3.3137663882756425,137.83433629993002,144.4618690764813,440.00322269655896,0.00017991101191736092,440.00304278554705,440.0034026075709,1,4,/private/tmp/avro2s-speed-255_nufn/work/docs/benchmarks/speed-2026-09-17/raw/before-strings-String.json
before-extra,avro2s.wire.benchmarks.StringBenchmark.nativeWrite,multilingual-short,"{""profile"": ""multilingual-short""}",nativeWrite,80.3714211175942,1.4225262715916989,78.9488948460025,81.79394738918589,0.001810348307543936,4.75114486108657e-05,0.0017628368589330703,0.0018578597561548019,1,4,/private/tmp/avro2s-speed-255_nufn/work/docs/benchmarks/speed-2026-09-17/raw/before-strings-String.json
before-extra,avro2s.wire.benchmarks.StringBenchmark.nativeRead,question-long,"{""profile"": ""question-long""}",nativeRead,874.8055396312736,15.81061670273115,858.9949229285425,890.6161563340048,4200.019867370677,0.0006289407233384918,4200.019238429954,4200.0204963114,1,4,/private/tmp/avro2s-speed-255_nufn/work/docs/benchmarks/speed-2026-09-17/raw/before-strings-String.json
before-extra,avro2s.wire.benchmarks.StringBenchmark.nativeWrite,question-long,"{""profile"": ""question-long""}",nativeWrite,1464.9036657598665,7.196211441210824,1457.7074543186557,1472.0998772010773,0.033036762041868686,0.0005509577241996157,0.03248580431766907,0.0335877197660683,1,4,/private/tmp/avro2s-speed-255_nufn/work/docs/benchmarks/speed-2026-09-17/raw/before-strings-String.json
before-extra,avro2s.wire.benchmarks.StringBenchmark.nativeRead,question-short,"{""profile"": ""question-short""}",nativeRead,22.452537902843115,0.9977531092373763,21.45478479360574,23.45029101208049,136.00051275197555,3.616623004141722e-05,136.0004765857455,136.0005489182056,1,4,/private/tmp/avro2s-speed-255_nufn/work/docs/benchmarks/speed-2026-09-17/raw/before-strings-String.json
before-extra,avro2s.wire.benchmarks.StringBenchmark.nativeWrite,question-short,"{""profile"": ""question-short""}",nativeWrite,27.30109483174151,0.07781138828768745,27.22328344345382,27.378906220029197,0.0006164211162181072,3.019056747639643e-05,0.0005862305487417108,0.0006466116836945036,1,4,/private/tmp/avro2s-speed-255_nufn/work/docs/benchmarks/speed-2026-09-17/raw/before-strings-String.json
before-extra,avro2s.wire.benchmarks.StringBenchmark.nativeRead,replacement-long,"{""profile"": ""replacement-long""}",nativeRead,15733.23784279561,491.70036776150096,15241.537475034109,16224.938210557111,41096.362232182066,0.0415725243669259,41096.3206596577,41096.40380470643,1,4,/private/tmp/avro2s-speed-255_nufn/work/docs/benchmarks/speed-2026-09-17/raw/before-strings-String.json
before-extra,avro2s.wire.benchmarks.StringBenchmark.nativeWrite,replacement-long,"{""profile"": ""replacement-long""}",nativeWrite,16898.607587414637,268.7780756793214,16629.829511735315,17167.38566309396,0.3892247721590574,0.09253894695750947,0.2966858252015479,0.48176371911656685,1,4,/private/tmp/avro2s-speed-255_nufn/work/docs/benchmarks/speed-2026-09-17/raw/before-strings-String.json
before-extra,avro2s.wire.benchmarks.StringBenchmark.nativeRead,replacement-short,"{""profile"": ""replacement-short""}",nativeRead,148.428347451464,5.840217117208606,142.5881303342554,154.2685645686726,456.00336666816196,0.00017752707353821647,456.0031891410884,456.0035441952355,1,4,/private/tmp/avro2s-speed-255_nufn/work/docs/benchmarks/speed-2026-09-17/raw/before-strings-String.json
before-extra,avro2s.wire.benchmarks.StringBenchmark.nativeWrite,replacement-short,"{""profile"": ""replacement-short""}",nativeWrite,114.97201964114329,0.9357024026174646,114.03631723852583,115.90772204376076,0.0025948519184200124,9.015302827577125e-05,0.002504698890144241,0.0026850049466957838,1,4,/private/tmp/avro2s-speed-255_nufn/work/docs/benchmarks/speed-2026-09-17/raw/before-strings-String.json
confirmed-before,avro2s.wire.benchmarks.StringBenchmark.nativeWrite,emoji-long,"{""profile"": ""emoji-long""}",nativeWrite,8724.181869806542,130.4908319342028,8593.691037872339,8854.672701740745,0.1177439116170265,0.0017820707479447337,0.11596184086908178,0.11952598236497124,2,5,/private/tmp/avro2s-speed-255_nufn/work/docs/benchmarks/speed-2026-09-17/raw/before-emoji-confirm-String.json
confirmed-before,avro2s.wire.benchmarks.StringBenchmark.nativeWrite,emoji-short,"{""profile"": ""emoji-short""}",nativeWrite,81.40254697998466,0.36809775378816856,81.0344492261965,81.77064473377283,0.0010965672047370508,7.511501283873114e-06,0.0010890557034531777,0.0011040787060209239,2,5,/private/tmp/avro2s-speed-255_nufn/work/docs/benchmarks/speed-2026-09-17/raw/before-emoji-confirm-String.json
confirmed-after,avro2s.wire.benchmarks.ComparisonBenchmark.javaCustomWrite,ints-small,"{""profile"": ""ints-small""}",javaCustomWrite,1805.8734022617446,45.41895251421917,1760.4544497475254,1851.2923547759638,0.012296287708686881,0.0003146355645655422,0.011981652144121339,0.012610923273252424,2,5,/private/tmp/avro2s-speed-255_nufn/work/docs/benchmarks/speed-2026-09-17/raw/confirm-small-ints-Comparison.json
confirmed-after,avro2s.wire.benchmarks.ComparisonBenchmark.nativeWrite,ints-small,"{""profile"": ""ints-small""}",nativeWrite,1629.5642636645844,34.616840518957574,1594.9474231456268,1664.181104183542,80.01112352462202,0.0002435429982636453,80.01087998162376,80.01136706762028,2,5,/private/tmp/avro2s-speed-255_nufn/work/docs/benchmarks/speed-2026-09-17/raw/confirm-small-ints-Comparison.json
final-extra,avro2s.wire.benchmarks.DecodedStringBenchmark.avro2sRead,string-ascii,"{""profile"": ""string-ascii""}",avro2sRead,114.66158658143672,1.157807531540096,113.50377904989662,115.81939411297682,2264.001565836563,2.9665416971395205e-05,2264.0015361711457,2264.00159550198,2,5,/private/tmp/avro2s-speed-255_nufn/work/docs/benchmarks/speed-2026-09-17/raw/decoded-strings-DecodedString.json
final-extra,avro2s.wire.benchmarks.DecodedStringBenchmark.javaGenericStringRead,string-ascii,"{""profile"": ""string-ascii""}",javaGenericStringRead,115.34654803078266,2.1757754756572587,113.1707725551254,117.52232350643992,2296.0015671085835,2.9022654530211166e-05,2296.001538085929,2296.001596131238,2,5,/private/tmp/avro2s-speed-255_nufn/work/docs/benchmarks/speed-2026-09-17/raw/decoded-strings-DecodedString.json
final-extra,avro2s.wire.benchmarks.DecodedStringBenchmark.javaPrimitivesRead,string-ascii,"{""profile"": ""string-ascii""}",javaPrimitivesRead,108.1899140866478,3.291695879737394,104.89821820691041,111.4816099663852,2264.001475704789,4.917605674943917e-05,2264.0014265287323,2264.0015248808454,2,5,/private/tmp/avro2s-speed-255_nufn/work/docs/benchmarks/speed-2026-09-17/raw/decoded-strings-DecodedString.json
final-extra,avro2s.wire.benchmarks.DecodedStringBenchmark.javaSpecificStringRead,string-ascii,"{""profile"": ""string-ascii""}",javaSpecificStringRead,117.10017699700693,0.8017564251138566,116.29842057189308,117.90193342212078,2264.0015944423244,2.2979676277280474e-05,2264.001571462648,2264.001617422001,2,5,/private/tmp/avro2s-speed-255_nufn/work/docs/benchmarks/speed-2026-09-17/raw/decoded-strings-DecodedString.json
final-extra,avro2s.wire.benchmarks.DecodedStringBenchmark.nativeRead,string-ascii,"{""profile"": ""string-ascii""}",nativeRead,54.47209025266161,0.5598171013072145,53.91227315135439,55.031907353968826,1128.0007408821207,7.219855490373302e-06,1128.0007336622652,1128.0007481019761,2,5,/private/tmp/avro2s-speed-255_nufn/work/docs/benchmarks/speed-2026-09-17/raw/decoded-strings-DecodedString.json
final-extra,avro2s.wire.benchmarks.DecodedStringBenchmark.avro2sRead,string-unicode,"{""profile"": ""string-unicode""}",avro2sRead,2299.7052768622248,17.029857829548448,2282.6754190326765,2316.735134691773,14072.031300088973,0.00033439292411037533,14072.030965696049,14072.031634481897,2,5,/private/tmp/avro2s-speed-255_nufn/work/docs/benchmarks/speed-2026-09-17/raw/decoded-strings-DecodedString.json
final-extra,avro2s.wire.benchmarks.DecodedStringBenchmark.javaGenericStringRead,string-unicode,"{""profile"": ""string-unicode""}",javaGenericStringRead,2324.509133315702,14.736309645073083,2309.772823670629,2339.245442960775,14104.031588246033,0.00047634297281525884,14104.03111190306,14104.032064589006,2,5,/private/tmp/avro2s-speed-255_nufn/work/docs/benchmarks/speed-2026-09-17/raw/decoded-strings-DecodedString.json
final-extra,avro2s.wire.benchmarks.DecodedStringBenchmark.javaPrimitivesRead,string-unicode,"{""profile"": ""string-unicode""}",javaPrimitivesRead,2292.5785503695506,12.795411846713677,2279.783138522837,2305.3739622162643,14072.031147662154,0.00041202170829194397,14072.030735640445,14072.031559683863,2,5,/private/tmp/avro2s-speed-255_nufn/work/docs/benchmarks/speed-2026-09-17/raw/decoded-strings-DecodedString.json
final-extra,avro2s.wire.benchmarks.DecodedStringBenchmark.javaSpecificStringRead,string-unicode,"{""profile"": ""string-unicode""}",javaSpecificStringRead,2357.377337468064,56.82040427568457,2300.5569331923793,2414.197741743749,14072.032115027614,0.0008589860391740044,14072.031256041575,14072.032974013653,2,5,/private/tmp/avro2s-speed-255_nufn/work/docs/benchmarks/speed-2026-09-17/raw/decoded-strings-DecodedString.json
final-extra,avro2s.wire.benchmarks.DecodedStringBenchmark.nativeRead,string-unicode,"{""profile"": ""string-unicode""}",nativeRead,2444.068696317404,26.250946619614197,2417.8177496977896,2470.319642937018,11144.033289620336,0.0005898445559327318,11144.03269977578,11144.033879464892,2,5,/private/tmp/avro2s-speed-255_nufn/work/docs/benchmarks/speed-2026-09-17/raw/decoded-strings-DecodedString.json
final-extra,avro2s.wire.benchmarks.DecodedStringBenchmark.avro2sRead,collections-full,"{""profile"": ""collections-full""}",avro2sRead,15702.516073842407,267.2623161997933,15435.253757642615,15969.7783900422,51800.21434664568,0.004812785422976495,51800.20953386025,51800.2191594311,2,5,/private/tmp/avro2s-speed-255_nufn/work/docs/benchmarks/speed-2026-09-17/raw/decoded-strings-DecodedString.json
final-extra,avro2s.wire.benchmarks.DecodedStringBenchmark.javaGenericStringRead,collections-full,"{""profile"": ""collections-full""}",javaGenericStringRead,7204.777873270521,128.37970919309265,7076.398164077428,7333.157582463614,16544.09815267421,0.001885523519910388,16544.09626715069,16544.100038197732,2,5,/private/tmp/avro2s-speed-255_nufn/work/docs/benchmarks/speed-2026-09-17/raw/decoded-strings-DecodedString.json
final-extra,avro2s.wire.benchmarks.DecodedStringBenchmark.javaPrimitivesRead,collections-full,"{""profile"": ""collections-full""}",javaPrimitivesRead,10146.498120614498,181.1552432771766,9965.342877337322,10327.653363891675,23688.137811016746,0.0023781246713558903,23688.135432892075,23688.140189141417,2,5,/private/tmp/avro2s-speed-255_nufn/work/docs/benchmarks/speed-2026-09-17/raw/decoded-strings-DecodedString.json
final-extra,avro2s.wire.benchmarks.DecodedStringBenchmark.javaSpecificStringRead,collections-full,"{""profile"": ""collections-full""}",javaSpecificStringRead,7126.05371186392,39.93094299739847,7086.122768866522,7165.984654861319,16520.096828188405,0.0008252116797895152,16520.096002976727,16520.097653400084,2,5,/private/tmp/avro2s-speed-255_nufn/work/docs/benchmarks/speed-2026-09-17/raw/decoded-strings-DecodedString.json
final-extra,avro2s.wire.benchmarks.DecodedStringBenchmark.nativeRead,collections-full,"{""profile"": ""collections-full""}",nativeRead,8264.285280656852,64.54499064760384,8199.740290009247,8328.830271304456,23512.112086461297,0.001004722770351819,23512.111081738527,23512.113091184066,2,5,/private/tmp/avro2s-speed-255_nufn/work/docs/benchmarks/speed-2026-09-17/raw/decoded-strings-DecodedString.json
final-extra,avro2s.wire.benchmarks.StringBenchmark.nativeRead,ascii-long,"{""profile"": ""ascii-long""}",nativeRead,205.29622567207815,6.884341852908692,198.41188381916945,212.18056752498686,4200.002820170783,9.497330948792334e-05,4200.002725197473,4200.002915144092,2,5,/private/tmp/avro2s-speed-255_nufn/work/docs/benchmarks/speed-2026-09-17/raw/after-strings-String.json
final-extra,avro2s.wire.benchmarks.StringBenchmark.nativeWrite,ascii-long,"{""profile"": ""ascii-long""}",nativeWrite,435.38216086935626,8.162233251230319,427.21992761812595,443.54439412058656,4112.005985781739,0.00011600837948849268,4112.005869773359,4112.006101790118,2,5,/private/tmp/avro2s-speed-255_nufn/work/docs/benchmarks/speed-2026-09-17/raw/after-strings-String.json
final-extra,avro2s.wire.benchmarks.StringBenchmark.nativeDecode,ascii-short,"{""profile"": ""ascii-short""}",nativeDecode,16.538642985343746,0.10483541562784754,16.4338075697159,16.643478400971592,136.00022478653875,2.024289035683549e-06,136.0002227622497,136.0002268108278,2,5,/private/tmp/avro2s-speed-255_nufn/work/docs/benchmarks/speed-2026-09-17/raw/after-api-String.json
final-extra,avro2s.wire.benchmarks.StringBenchmark.nativeEncode,ascii-short,"{""profile"": ""ascii-short""}",nativeEncode,26.118296301749545,0.07268512656795868,26.045611175181588,26.190981428317503,376.000354404877,1.5701262522293007e-06,376.00035283475074,376.00035597500323,2,5,/private/tmp/avro2s-speed-255_nufn/work/docs/benchmarks/speed-2026-09-17/raw/after-api-String.json
final-extra,avro2s.wire.benchmarks.StringBenchmark.nativeRead,ascii-short,"{""profile"": ""ascii-short""}",nativeRead,16.65667888489668,0.24049054525909372,16.41618833963759,16.897169430155774,136.00022852218797,3.6918864968230766e-06,136.00022483030148,136.00023221407446,2,5,/private/tmp/avro2s-speed-255_nufn/work/docs/benchmarks/speed-2026-09-17/raw/after-strings-String.json
final-extra,avro2s.wire.benchmarks.StringBenchmark.nativeWrite,ascii-short,"{""profile"": ""ascii-short""}",nativeWrite,20.539202982868208,1.589654522739292,18.949548460128916,22.1288575056075,48.000282014458676,2.1673214019960222e-05,48.000260341244655,48.0003036876727,2,5,/private/tmp/avro2s-speed-255_nufn/work/docs/benchmarks/speed-2026-09-17/raw/after-strings-String.json
final-extra,avro2s.wire.benchmarks.BytesBenchmark.nativeDecode,byteCount=4096,"{""byteCount"": ""4096""}",nativeDecode,162.46877111368445,2.0044591539053713,160.46431195977908,164.47323026758983,4192.002228031556,3.6111574725249976e-05,4192.002191919982,4192.002264143131,2,5,/private/tmp/avro2s-speed-255_nufn/work/docs/benchmarks/speed-2026-09-17/raw/after-api-Bytes.json
final-extra,avro2s.wire.benchmarks.BytesBenchmark.nativeEncode,byteCount=4096,"{""byteCount"": ""4096""}",nativeEncode,309.3617716126264,2.8274236515036653,306.5343479611227,312.1891952641301,8536.004204453911,4.9673113389217066e-05,8536.004154780798,8536.004254127025,2,5,/private/tmp/avro2s-speed-255_nufn/work/docs/benchmarks/speed-2026-09-17/raw/after-api-Bytes.json
final-extra,avro2s.wire.benchmarks.CollectionsBenchmark.nativeDecode,collectionSize=0,"{""collectionSize"": ""0""}",nativeDecode,6.995343354916949,0.14577978611127046,6.849563568805679,7.14112314102822,72.00009532605941,2.311627116631098e-06,72.0000930144323,72.00009763768652,2,5,/private/tmp/avro2s-speed-255_nufn/work/docs/benchmarks/speed-2026-09-17/raw/after-api-Collections.json
final-extra,avro2s.wire.benchmarks.CollectionsBenchmark.nativeEncode,collectionSize=0,"{""collectionSize"": ""0""}",nativeEncode,10.380107907502879,0.22460579268273884,10.15550211482014,10.604713700185618,296.0001410517566,3.063178033271401e-06,296.00013798857856,296.00014411493464,2,5,/private/tmp/avro2s-speed-255_nufn/work/docs/benchmarks/speed-2026-09-17/raw/after-api-Collections.json
final-extra,avro2s.wire.benchmarks.TradeBenchmark.javaPrimitivesRead,collectionSize=0,"{""collectionSize"": ""0""}",javaPrimitivesRead,59.77792194245141,2.2724044619825032,57.5055174804689,62.05032640443391,376.0008126621808,3.18414733865895e-05,376.0007808207074,376.0008445036542,2,5,/private/tmp/avro2s-speed-255_nufn/work/docs/benchmarks/speed-2026-09-17/raw/after-trade-Trade.json
final-extra,avro2s.wire.benchmarks.TradeBenchmark.javaPrimitivesWrite,collectionSize=0,"{""collectionSize"": ""0""}",javaPrimitivesWrite,45.64987767795742,15.088559730476394,30.561317947481026,60.73843740843381,64.00061849927488,0.0002027451812220984,64.00041575409365,64.0008212444561,2,5,/private/tmp/avro2s-speed-255_nufn/work/docs/benchmarks/speed-2026-09-17/raw/after-trade-Trade.json
final-extra,avro2s.wire.benchmarks.TradeBenchmark.nativeRead,collectionSize=0,"{""collectionSize"": ""0""}",nativeRead,45.77758171761438,2.7218202876490785,43.0557614299653,48.49940200526346,200.00062202722867,3.571332287000916e-05,200.0005863139058,200.00065774055153,2,5,/private/tmp/avro2s-speed-255_nufn/work/docs/benchmarks/speed-2026-09-17/raw/after-trade-Trade.json
final-extra,avro2s.wire.benchmarks.TradeBenchmark.nativeWrite,collectionSize=0,"{""collectionSize"": ""0""}",nativeWrite,17.183264451996003,0.16030004030291914,17.022964411693085,17.34356449229892,0.00023100442463043751,2.2251986002719483e-06,0.00022877922603016556,0.00023322962323070947,2,5,/private/tmp/avro2s-speed-255_nufn/work/docs/benchmarks/speed-2026-09-17/raw/after-trade-Trade.json
final-extra,avro2s.wire.benchmarks.TradeBenchmark.javaPrimitivesRead,collectionSize=1024,"{""collectionSize"": ""1024""}",javaPrimitivesRead,4440.135592933555,24.694937117500892,4415.4406558160545,4464.830530051056,21736.060251176714,0.00038756945131419765,21736.05986360726,21736.060638746167,2,5,/private/tmp/avro2s-speed-255_nufn/work/docs/benchmarks/speed-2026-09-17/raw/after-trade-Trade.json
final-extra,avro2s.wire.benchmarks.TradeBenchmark.javaPrimitivesWrite,collectionSize=1024,"{""collectionSize"": ""1024""}",javaPrimitivesWrite,3806.2104889783723,44.256966395185216,3761.953522583187,3850.4674553735576,144.05151275800486,0.0010271635738677406,144.050485594431,144.05253992157873,2,5,/private/tmp/avro2s-speed-255_nufn/work/docs/benchmarks/speed-2026-09-17/raw/after-trade-Trade.json
final-extra,avro2s.wire.benchmarks.TradeBenchmark.nativeRead,collectionSize=1024,"{""collectionSize"": ""1024""}",nativeRead,4051.2868993609736,94.00417790437966,3957.282721456594,4145.291077265353,21592.055010823293,0.0013328375357301164,21592.053677985758,21592.056343660828,2,5,/private/tmp/avro2s-speed-255_nufn/work/docs/benchmarks/speed-2026-09-17/raw/after-trade-Trade.json
final-extra,avro2s.wire.benchmarks.TradeBenchmark.nativeWrite,collectionSize=1024,"{""collectionSize"": ""1024""}",nativeWrite,2206.689580228763,26.83590694155204,2179.853673287211,2233.525487170315,80.02973403952518,0.00026004996728993824,80.02947398955789,80.02999408949248,2,5,/private/tmp/avro2s-speed-255_nufn/work/docs/benchmarks/speed-2026-09-17/raw/after-trade-Trade.json
final-extra,avro2s.wire.benchmarks.CollectionsBenchmark.nativeDecode,collectionSize=128,"{""collectionSize"": ""128""}",nativeDecode,17342.804179626437,257.0010088507877,17085.80317077565,17599.805188477225,42880.236476862985,0.005527622899404145,42880.23094924009,42880.24200448588,2,5,/private/tmp/avro2s-speed-255_nufn/work/docs/benchmarks/speed-2026-09-17/raw/after-api-Collections.json
final-extra,avro2s.wire.benchmarks.CollectionsBenchmark.nativeEncode,collectionSize=128,"{""collectionSize"": ""128""}",nativeEncode,3861.627112510288,126.77185710349568,3734.8552554067924,3988.3989696137837,11016.05255111733,0.0019976812169739434,11016.050553436113,11016.054548798546,2,5,/private/tmp/avro2s-speed-255_nufn/work/docs/benchmarks/speed-2026-09-17/raw/after-api-Collections.json
final-extra,avro2s.wire.benchmarks.TradeBenchmark.javaPrimitivesRead,collectionSize=32,"{""collectionSize"": ""32""}",javaPrimitivesRead,230.476243501738,1.4325982106794377,229.04364529105857,231.90884171241743,1104.003130218158,3.444141520507156e-05,1104.0030957767428,1104.0031646595733,2,5,/private/tmp/avro2s-speed-255_nufn/work/docs/benchmarks/speed-2026-09-17/raw/after-trade-Trade.json
final-extra,avro2s.wire.benchmarks.TradeBenchmark.javaPrimitivesWrite,collectionSize=32,"{""collectionSize"": ""32""}",javaPrimitivesWrite,113.02521245927908,21.75066378085041,91.27454867842866,134.7758762401295,64.00153247121409,0.0002983286802296075,64.00123414253386,64.00183079989432,2,5,/private/tmp/avro2s-speed-255_nufn/work/docs/benchmarks/speed-2026-09-17/raw/after-trade-Trade.json
final-extra,avro2s.wire.benchmarks.TradeBenchmark.nativeRead,collectionSize=32,"{""collectionSize"": ""32""}",nativeRead,204.43371120239706,5.621473555281204,198.81223764711586,210.05518475767826,960.0027791033356,7.455237341503716e-05,960.0027045509621,960.002853655709,2,5,/private/tmp/avro2s-speed-255_nufn/work/docs/benchmarks/speed-2026-09-17/raw/after-trade-Trade.json
final-extra,avro2s.wire.benchmarks.TradeBenchmark.nativeWrite,collectionSize=32,"{""collectionSize"": ""32""}",nativeWrite,78.50538394539143,1.036889160448167,77.46849478494326,79.5422731058396,0.001058239637132927,1.3139978706914532e-05,0.0010450996584260126,0.0010713796158398415,2,5,/private/tmp/avro2s-speed-255_nufn/work/docs/benchmarks/speed-2026-09-17/raw/after-trade-Trade.json
final-extra,avro2s.wire.benchmarks.NestedUnionBenchmark.nativeDecode,depth=1,"{""depth"": ""1""}",nativeDecode,236.65779169638958,7.627469450411325,229.03032224597825,244.2852611468009,1904.0032219739824,0.00010619617708093998,1904.0031157778053,1904.0033281701594,2,5,/private/tmp/avro2s-speed-255_nufn/work/docs/benchmarks/speed-2026-09-17/raw/after-api-NestedUnion.json
final-extra,avro2s.wire.benchmarks.NestedUnionBenchmark.nativeEncode,depth=1,"{""depth"": ""1""}",nativeEncode,138.323352128522,2.083236083020329,136.24011604550168,140.40658821154233,424.00188212452366,4.014454080622581e-05,424.0018419799828,424.0019222690645,2,5,/private/tmp/avro2s-speed-255_nufn/work/docs/benchmarks/speed-2026-09-17/raw/after-api-NestedUnion.json
final-extra,avro2s.wire.benchmarks.EvolutionBenchmark.compileResolution,discardedBytes=0,"{""discardedBytes"": ""0""}",compileResolution,23203.58364854321,607.9411712792697,22595.64247726394,23811.524819822476,129816.52435127187,943.4260612246869,128873.09829004719,130759.95041249656,2,5,/private/tmp/avro2s-speed-255_nufn/work/docs/benchmarks/speed-2026-09-17/raw/after-evolution-Evolution.json
final-extra,avro2s.wire.benchmarks.EvolutionBenchmark.javaResolved,discardedBytes=0,"{""discardedBytes"": ""0""}",javaResolved,366.05166871376457,14.800965784098494,351.2507029296661,380.85263449786305,1840.0049823063782,0.00020737693502150998,1840.004774929443,1840.0051896833133,2,5,/private/tmp/avro2s-speed-255_nufn/work/docs/benchmarks/speed-2026-09-17/raw/after-evolution-Evolution.json
final-extra,avro2s.wire.benchmarks.EvolutionBenchmark.nativeResolved,discardedBytes=0,"{""discardedBytes"": ""0""}",nativeResolved,316.40296544223423,9.53189923957736,306.8710662026569,325.9348646818116,640.0042985591808,0.00012859096483692638,640.0041699682159,640.0044271501457,2,5,/private/tmp/avro2s-speed-255_nufn/work/docs/benchmarks/speed-2026-09-17/raw/after-evolution-Evolution.json
final-extra,avro2s.wire.benchmarks.EvolutionBenchmark.nativeSameSchema,discardedBytes=0,"{""discardedBytes"": ""0""}",nativeSameSchema,119.78181449689643,18.159851030874698,101.62196346602173,137.94166552777114,432.0016245359419,0.00024436828480821305,432.0013801676571,432.00186890422674,2,5,/private/tmp/avro2s-speed-255_nufn/work/docs/benchmarks/speed-2026-09-17/raw/after-evolution-Evolution.json
final-extra,avro2s.wire.benchmarks.EvolutionBenchmark.compileResolution,discardedBytes=4096,"{""discardedBytes"": ""4096""}",compileResolution,22928.20297909376,321.04030133550924,22607.16267775825,23249.24328042927,130300.52186807556,172.1102011021584,130128.4116669734,130472.63206917772,2,5,/private/tmp/avro2s-speed-255_nufn/work/docs/benchmarks/speed-2026-09-17/raw/after-evolution-Evolution.json
final-extra,avro2s.wire.benchmarks.EvolutionBenchmark.javaResolved,discardedBytes=4096,"{""discardedBytes"": ""4096""}",javaResolved,365.38643836606155,14.035858676915767,351.3505796891458,379.42229704297733,1840.0049672583839,0.0001807490975385683,1840.0047865092863,1840.0051480074815,2,5,/private/tmp/avro2s-speed-255_nufn/work/docs/benchmarks/speed-2026-09-17/raw/after-evolution-Evolution.json
final-extra,avro2s.wire.benchmarks.EvolutionBenchmark.nativeResolved,discardedBytes=4096,"{""discardedBytes"": ""4096""}",nativeResolved,310.8074833821374,5.202930635591221,305.6045527465462,316.0104140177286,640.0042256588183,7.878601597796946e-05,640.0041468728024,640.0043044448342,2,5,/private/tmp/avro2s-speed-255_nufn/work/docs/benchmarks/speed-2026-09-17/raw/after-evolution-Evolution.json
final-extra,avro2s.wire.benchmarks.EvolutionBenchmark.nativeSameSchema,discardedBytes=4096,"{""discardedBytes"": ""4096""}",nativeSameSchema,207.84384449258783,10.119986535976093,197.72385795661174,217.96383102856393,4544.002820451576,0.0001390968054815888,4544.00268135477,4544.002959548381,2,5,/private/tmp/avro2s-speed-255_nufn/work/docs/benchmarks/speed-2026-09-17/raw/after-evolution-Evolution.json
final-extra,avro2s.wire.benchmarks.IntegerBenchmark.nativeDecode,"distribution=mixed, kind=int","{""distribution"": ""mixed"", ""kind"": ""int""}",nativeDecode,4061.8002447484455,37.349978067382516,4024.450266681063,4099.150222815828,18304.055424382277,0.0008104046131628467,18304.054613977663,18304.05623478689,2,5,/private/tmp/avro2s-speed-255_nufn/work/docs/benchmarks/speed-2026-09-17/raw/after-api-Integer.json
final-extra,avro2s.wire.benchmarks.IntegerBenchmark.nativeEncode,"distribution=mixed, kind=int","{""distribution"": ""mixed"", ""kind"": ""int""}",nativeEncode,2932.2402623496805,20.811867405634157,2911.4283949440464,2953.0521297553146,11808.039767925518,0.0002798533922314632,11808.039488072127,11808.04004777891,2,5,/private/tmp/avro2s-speed-255_nufn/work/docs/benchmarks/speed-2026-09-17/raw/after-api-Integer.json
final-extra,avro2s.wire.benchmarks.StringBenchmark.nativeDecode,emoji-long,"{""profile"": ""emoji-long""}",nativeDecode,10062.768738448549,81.58018361599846,9981.18855483255,10144.348922064548,65672.13685869206,0.001117466522393479,65672.13574122553,65672.13797615858,2,5,/private/tmp/avro2s-speed-255_nufn/work/docs/benchmarks/speed-2026-09-17/raw/after-api-String.json
final-extra,avro2s.wire.benchmarks.StringBenchmark.nativeEncode,emoji-long,"{""profile"": ""emoji-long""}",nativeEncode,10303.769523869527,117.81730045776241,10185.952223411765,10421.586824327289,74104.14056897882,0.0019775224283628745,74104.13859145639,74104.14254650126,2,5,/private/tmp/avro2s-speed-255_nufn/work/docs/benchmarks/speed-2026-09-17/raw/after-api-String.json
final-extra,avro2s.wire.benchmarks.StringBenchmark.nativeRead,emoji-long,"{""profile"": ""emoji-long""}",nativeRead,10207.035602241001,50.41527601277426,10156.620326228227,10257.450878253776,65672.14052243058,0.0007427406103961428,65672.13977968997,65672.14126517119,2,5,/private/tmp/avro2s-speed-255_nufn/work/docs/benchmarks/speed-2026-09-17/raw/after-strings-String.json
final-extra,avro2s.wire.benchmarks.StringBenchmark.nativeWrite,emoji-long,"{""profile"": ""emoji-long""}",nativeWrite,9478.130707557477,99.16592855658553,9378.964779000891,9577.296636114062,40992.13020500479,0.0014021150962738613,40992.128802889696,40992.13160711988,2,5,/private/tmp/avro2s-speed-255_nufn/work/docs/benchmarks/speed-2026-09-17/raw/after-strings-String.json
final-extra,avro2s.wire.benchmarks.StringBenchmark.nativeRead,emoji-short,"{""profile"": ""emoji-short""}",nativeRead,95.11681086003044,0.7866545336365882,94.33015632639385,95.90346539366703,648.0013057664421,1.3399574780139779e-05,648.0012923668673,648.0013191660169,2,5,/private/tmp/avro2s-speed-255_nufn/work/docs/benchmarks/speed-2026-09-17/raw/after-strings-String.json
final-extra,avro2s.wire.benchmarks.StringBenchmark.nativeWrite,emoji-short,"{""profile"": ""emoji-short""}",nativeWrite,85.49357259341993,0.4261453784396638,85.06742721498026,85.9197179718596,352.00117087692405,6.06734644488195e-06,352.00116480957763,352.00117694427047,2,5,/private/tmp/avro2s-speed-255_nufn/work/docs/benchmarks/speed-2026-09-17/raw/after-strings-String.json
final-extra,avro2s.wire.benchmarks.StringBenchmark.nativeRead,empty,"{""profile"": ""empty""}",nativeRead,5.842472754964459,0.04287821081720485,5.799594544147254,5.885350965781663,64.0000801817564,9.604138276458243e-07,64.00007922134257,64.00008114217023,2,5,/private/tmp/avro2s-speed-255_nufn/work/docs/benchmarks/speed-2026-09-17/raw/after-strings-String.json
final-extra,avro2s.wire.benchmarks.StringBenchmark.nativeWrite,empty,"{""profile"": ""empty""}",nativeWrite,3.1612005985372824,0.019492635937827203,3.141707962599455,3.1806932344751098,4.308722912011443e-05,3.564843883545279e-07,4.27307447317599e-05,4.344371350846896e-05,2,5,/private/tmp/avro2s-speed-255_nufn/work/docs/benchmarks/speed-2026-09-17/raw/after-strings-String.json
final-extra,avro2s.wire.benchmarks.StringBenchmark.nativeRead,latin1-long,"{""profile"": ""latin1-long""}",nativeRead,3233.1459263799456,12.69931202558136,3220.446614354364,3245.845238405527,12408.044389717206,0.00025780285499745663,12408.044131914352,12408.04464752006,2,5,/private/tmp/avro2s-speed-255_nufn/work/docs/benchmarks/speed-2026-09-17/raw/after-strings-String.json
final-extra,avro2s.wire.benchmarks.StringBenchmark.nativeWrite,latin1-long,"{""profile"": ""latin1-long""}",nativeWrite,2443.4355940638534,150.69504491514812,2292.740549148705,2594.1306389790016,8208.033494173456,0.0021451809428994365,8208.031348992514,8208.035639354399,2,5,/private/tmp/avro2s-speed-255_nufn/work/docs/benchmarks/speed-2026-09-17/raw/after-strings-String.json
final-extra,avro2s.wire.benchmarks.StringBenchmark.nativeRead,latin1-short,"{""profile"": ""latin1-short""}",nativeRead,46.34568454029598,0.5084494753989435,45.83723506489704,46.85413401569492,216.000636503894,9.051720014820281e-06,216.00062745217397,216.000645555614,2,5,/private/tmp/avro2s-speed-255_nufn/work/docs/benchmarks/speed-2026-09-17/raw/after-strings-String.json
final-extra,avro2s.wire.benchmarks.StringBenchmark.nativeWrite,latin1-short,"{""profile"": ""latin1-short""}",nativeWrite,35.62723775816164,0.5001149426212148,35.127122815540424,36.12735270078286,80.00048909011862,7.10921635340769e-06,80.00048198090226,80.00049619933498,2,5,/private/tmp/avro2s-speed-255_nufn/work/docs/benchmarks/speed-2026-09-17/raw/after-strings-String.json
final-extra,avro2s.wire.benchmarks.StringBenchmark.nativeRead,multilingual-long,"{""profile"": ""multilingual-long""}",nativeRead,8583.509068769185,770.381932448085,7813.1271363211,9353.89100121727,39048.11808164047,0.010340057831681694,39048.10774158264,39048.1284216983,2,5,/private/tmp/avro2s-speed-255_nufn/work/docs/benchmarks/speed-2026-09-17/raw/after-strings-String.json
final-extra,avro2s.wire.benchmarks.StringBenchmark.nativeWrite,multilingual-long,"{""profile"": ""multilingual-long""}",nativeWrite,6081.583974263879,44.571932081294484,6037.012042182585,6126.155906345173,22560.083700016166,0.0007824866822352506,22560.082917529486,22560.084482502847,2,5,/private/tmp/avro2s-speed-255_nufn/work/docs/benchmarks/speed-2026-09-17/raw/after-strings-String.json
final-extra,avro2s.wire.benchmarks.StringBenchmark.nativeRead,multilingual-short,"{""profile"": ""multilingual-short""}",nativeRead,84.74249941514033,3.883704211582969,80.85879520355736,88.6262036267233,440.0011663210318,5.4365436118982675e-05,440.00111195559566,440.00122068646795,2,5,/private/tmp/avro2s-speed-255_nufn/work/docs/benchmarks/speed-2026-09-17/raw/after-strings-String.json
final-extra,avro2s.wire.benchmarks.StringBenchmark.nativeWrite,multilingual-short,"{""profile"": ""multilingual-short""}",nativeWrite,61.6291739668258,0.5145971391487627,61.11457682767704,62.143771105974565,208.0008448636583,8.829298234159956e-06,208.00083603436008,208.00085369295653,2,5,/private/tmp/avro2s-speed-255_nufn/work/docs/benchmarks/speed-2026-09-17/raw/after-strings-String.json
final-extra,avro2s.wire.benchmarks.StringBenchmark.nativeRead,question-long,"{""profile"": ""question-long""}",nativeRead,205.75317578273507,0.7322265712814068,205.02094921145365,206.4854023540165,4200.002822390656,1.3287696775902814e-05,4200.002809102959,4200.002835678352,2,5,/private/tmp/avro2s-speed-255_nufn/work/docs/benchmarks/speed-2026-09-17/raw/after-strings-String.json
final-extra,avro2s.wire.benchmarks.StringBenchmark.nativeWrite,question-long,"{""profile"": ""question-long""}",nativeWrite,234.94182444636317,1.3909092190726025,233.55091522729057,236.33273366543577,4112.00322212034,2.4839870630099404e-05,4112.003197280469,4112.003246960211,2,5,/private/tmp/avro2s-speed-255_nufn/work/docs/benchmarks/speed-2026-09-17/raw/after-strings-String.json
final-extra,avro2s.wire.benchmarks.StringBenchmark.nativeRead,question-short,"{""profile"": ""question-short""}",nativeRead,16.716281645989085,0.05800740821654331,16.65827423777254,16.774289054205628,136.0002295758849,1.4646828830259042e-06,136.000228111202,136.0002310405678,2,5,/private/tmp/avro2s-speed-255_nufn/work/docs/benchmarks/speed-2026-09-17/raw/after-strings-String.json
final-extra,avro2s.wire.benchmarks.StringBenchmark.nativeWrite,question-short,"{""profile"": ""question-short""}",nativeWrite,15.666956032155099,0.8494515572361698,14.817504474918929,16.516407589391267,48.00021494551497,1.135714357067688e-05,48.0002035883714,48.00022630265854,2,5,/private/tmp/avro2s-speed-255_nufn/work/docs/benchmarks/speed-2026-09-17/raw/after-strings-String.json
final-extra,avro2s.wire.benchmarks.StringBenchmark.nativeRead,replacement-long,"{""profile"": ""replacement-long""}",nativeRead,15751.776381432759,114.2999427209469,15637.476438711812,15866.076324153706,41096.21731602303,0.0034051277615201442,41096.21391089527,41096.22072115079,2,5,/private/tmp/avro2s-speed-255_nufn/work/docs/benchmarks/speed-2026-09-17/raw/after-strings-String.json
final-extra,avro2s.wire.benchmarks.StringBenchmark.nativeWrite,replacement-long,"{""profile"": ""replacement-long""}",nativeWrite,8384.65895728926,26.918511152764413,8357.740446136497,8411.577468442025,25632.115289136935,0.001118962813185949,25632.11417017412,25632.116408099748,2,5,/private/tmp/avro2s-speed-255_nufn/work/docs/benchmarks/speed-2026-09-17/raw/after-strings-String.json
final-extra,avro2s.wire.benchmarks.StringBenchmark.nativeRead,replacement-short,"{""profile"": ""replacement-short""}",nativeRead,150.07720196640432,0.5047246963261762,149.57247727007814,150.5819266627305,456.0020612308429,1.1046516592324996e-05,456.0020501843263,456.0020722773595,2,5,/private/tmp/avro2s-speed-255_nufn/work/docs/benchmarks/speed-2026-09-17/raw/after-strings-String.json
final-extra,avro2s.wire.benchmarks.StringBenchmark.nativeWrite,replacement-short,"{""profile"": ""replacement-short""}",nativeWrite,78.89792778581709,0.5586860330148483,78.33924175280224,79.45661381883194,232.00108211278206,1.0037431071108666e-05,232.00107207535098,232.00109215021314,2,5,/private/tmp/avro2s-speed-255_nufn/work/docs/benchmarks/speed-2026-09-17/raw/after-strings-String.json
final-extra,avro2s.wire.benchmarks.StringBenchmark.nativeRead,supplementary-mixed-long,"{""profile"": ""supplementary-mixed-long""}",nativeRead,8917.57941719565,19.63545593059377,8897.943961265055,8937.214873126244,43840.121626665095,0.0011515661224307508,43840.12047509897,43840.12277823122,2,5,/private/tmp/avro2s-speed-255_nufn/work/docs/benchmarks/speed-2026-09-17/raw/after-supplementary-String.json
final-extra,avro2s.wire.benchmarks.StringBenchmark.nativeWrite,supplementary-mixed-long,"{""profile"": ""supplementary-mixed-long""}",nativeWrite,7764.949271827881,170.07683585828931,7594.872435969592,7935.02610768617,27352.105267486633,0.0025278053007833615,27352.102739681333,27352.107795291933,2,5,/private/tmp/avro2s-speed-255_nufn/work/docs/benchmarks/speed-2026-09-17/raw/after-supplementary-String.json
final-extra,avro2s.wire.benchmarks.StringBenchmark.nativeRead,supplementary-mixed-short,"{""profile"": ""supplementary-mixed-short""}",nativeRead,101.7549149494345,1.360383973331888,100.3945309761026,103.11529892276639,488.0013811875814,1.7080295152315287e-05,488.00136410728624,488.00139826787654,2,5,/private/tmp/avro2s-speed-255_nufn/work/docs/benchmarks/speed-2026-09-17/raw/after-supplementary-String.json
final-extra,avro2s.wire.benchmarks.StringBenchmark.nativeWrite,supplementary-mixed-short,"{""profile"": ""supplementary-mixed-short""}",nativeWrite,75.5585396068658,1.7248871198833438,73.83365248698246,77.28342672674916,256.0010268827712,2.506688502856254e-05,256.0010018158862,256.00105194965624,2,5,/private/tmp/avro2s-speed-255_nufn/work/docs/benchmarks/speed-2026-09-17/raw/after-supplementary-String.json
final-extra,avro2s.wire.benchmarks.StringBenchmark.nativeRead,supplementary-prefix-ascii-long,"{""profile"": ""supplementary-prefix-ascii-long""}",nativeRead,1814.8545384160564,12.21467245495588,1802.6398659611004,1827.0692108710123,20640.024658942533,0.00018070632113567763,20640.024478236213,20640.024839648853,2,5,/private/tmp/avro2s-speed-255_nufn/work/docs/benchmarks/speed-2026-09-17/raw/after-supplementary-String.json
final-extra,avro2s.wire.benchmarks.StringBenchmark.nativeWrite,supplementary-prefix-ascii-long,"{""profile"": ""supplementary-prefix-ascii-long""}",nativeWrite,4917.568567571339,62.64570613896968,4854.922861432369,4980.2142737103095,16432.066692393568,0.0008348962632352377,16432.065857497306,16432.06752728983,2,5,/private/tmp/avro2s-speed-255_nufn/work/docs/benchmarks/speed-2026-09-17/raw/after-supplementary-String.json
final-extra,avro2s.wire.benchmarks.StringBenchmark.nativeRead,supplementary-prefix-bmp-long,"{""profile"": ""supplementary-prefix-bmp-long""}",nativeRead,8785.958400335943,36.63718825644753,8749.321212079496,8822.59558859239,45216.11975115236,0.0015935485167552993,45216.11815760384,45216.12134470087,2,5,/private/tmp/avro2s-speed-255_nufn/work/docs/benchmarks/speed-2026-09-17/raw/after-supplementary-String.json
final-extra,avro2s.wire.benchmarks.StringBenchmark.nativeWrite,supplementary-prefix-bmp-long,"{""profile"": ""supplementary-prefix-bmp-long""}",nativeWrite,7704.446330748401,233.004885814246,7471.441444934155,7937.4512165626475,24624.104542737252,0.003174390291659739,24624.10136834696,24624.107717127543,2,5,/private/tmp/avro2s-speed-255_nufn/work/docs/benchmarks/speed-2026-09-17/raw/after-supplementary-String.json
supplementary-control-pilot,avro2s.wire.benchmarks.StringBenchmark.nativeWrite,ascii-long,"{""profile"": ""ascii-long""}",nativeWrite,420.39908580734306,19.02727300920239,401.3718127981407,439.4263588165454,4112.0057555005,0.00017773345499134816,4112.005577767045,4112.005933233954,1,4,/private/tmp/avro2s-speed-255_nufn/work/docs/benchmarks/speed-2026-09-17/raw/supplementary-control-String.json
supplementary-control-pilot,avro2s.wire.benchmarks.StringBenchmark.nativeWrite,ascii-short,"{""profile"": ""ascii-short""}",nativeWrite,21.4466485935947,3.0227479014463157,18.423900692148383,24.469396495041014,48.00029061016571,4.103651735999485e-05,48.000249573648354,48.00033164668307,1,4,/private/tmp/avro2s-speed-255_nufn/work/docs/benchmarks/speed-2026-09-17/raw/supplementary-control-String.json
supplementary-control-pilot,avro2s.wire.benchmarks.StringBenchmark.nativeWrite,emoji-long,"{""profile"": ""emoji-long""}",nativeWrite,9412.481234225095,790.2225113908639,8622.25872283423,10202.70374561596,40992.128444265225,0.01624704909416915,40992.11219721613,40992.14469131432,1,4,/private/tmp/avro2s-speed-255_nufn/work/docs/benchmarks/speed-2026-09-17/raw/supplementary-control-String.json
supplementary-control-pilot,avro2s.wire.benchmarks.StringBenchmark.nativeWrite,emoji-short,"{""profile"": ""emoji-short""}",nativeWrite,83.47779399739406,0.6049903248467754,82.87280367254728,84.08278432224084,352.00113122931475,8.206536062090636e-06,352.0011230227787,352.0011394358508,1,4,/private/tmp/avro2s-speed-255_nufn/work/docs/benchmarks/speed-2026-09-17/raw/supplementary-control-String.json
supplementary-control-pilot,avro2s.wire.benchmarks.StringBenchmark.nativeWrite,multilingual-long,"{""profile"": ""multilingual-long""}",nativeWrite,5987.8769263778695,124.73235134190405,5863.144575035965,6112.609277719774,22560.081454230214,0.003637855936674287,22560.077816374276,22560.085092086152,1,4,/private/tmp/avro2s-speed-255_nufn/work/docs/benchmarks/speed-2026-09-17/raw/supplementary-control-String.json
supplementary-control-pilot,avro2s.wire.benchmarks.StringBenchmark.nativeWrite,multilingual-short,"{""profile"": ""multilingual-short""}",nativeWrite,59.85341878506765,0.11021216610303185,59.74320661896462,59.963630951170686,208.000818322176,5.452345138110057e-05,208.00076379872462,208.00087284562738,1,4,/private/tmp/avro2s-speed-255_nufn/work/docs/benchmarks/speed-2026-09-17/raw/supplementary-control-String.json
supplementary-control-pilot,avro2s.wire.benchmarks.StringBenchmark.nativeWrite,supplementary-mixed-long,"{""profile"": ""supplementary-mixed-long""}",nativeWrite,7723.033818532324,174.08056098073132,7548.953257551593,7897.114379513056,27352.104863838285,0.0023080873103891323,27352.102555750975,27352.107171925596,1,4,/private/tmp/avro2s-speed-255_nufn/work/docs/benchmarks/speed-2026-09-17/raw/supplementary-control-String.json
supplementary-control-pilot,avro2s.wire.benchmarks.StringBenchmark.nativeWrite,supplementary-mixed-short,"{""profile"": ""supplementary-mixed-short""}",nativeWrite,75.60406677806743,8.203356714496884,67.40071006357056,83.80742349256431,256.00102489871335,0.00010918341066813753,256.0009157153027,256.001134082124,1,4,/private/tmp/avro2s-speed-255_nufn/work/docs/benchmarks/speed-2026-09-17/raw/supplementary-control-String.json
supplementary-control-pilot,avro2s.wire.benchmarks.StringBenchmark.nativeWrite,supplementary-prefix-ascii-long,"{""profile"": ""supplementary-prefix-ascii-long""}",nativeWrite,4950.812268306907,97.63369595435346,4853.178572352554,5048.44596426126,16432.06708528334,0.0013221452677056116,16432.06576313807,16432.068407428607,1,4,/private/tmp/avro2s-speed-255_nufn/work/docs/benchmarks/speed-2026-09-17/raw/supplementary-control-String.json
supplementary-control-pilot,avro2s.wire.benchmarks.StringBenchmark.nativeWrite,supplementary-prefix-bmp-long,"{""profile"": ""supplementary-prefix-bmp-long""}",nativeWrite,7595.217561034335,192.17474304491142,7403.042817989423,7787.392304079246,24624.103624232757,0.007567183642935819,24624.096057049115,24624.1111914164,1,4,/private/tmp/avro2s-speed-255_nufn/work/docs/benchmarks/speed-2026-09-17/raw/supplementary-control-String.json
